nconst,primaryName
nm0000114,Steve Buscemi
nm0000154,Mel Gibson
nm0000335,Glenn Close
nm0000353,Willem Dafoe
nm0000376,Fran Drescher
nm0000391,Rupert Everett
nm0000409,Brendan Fraser
nm0000410,Stephen Fry
nm0000514,Michael Madsen
nm0000566,Julia Ormond
nm0000579,Ron Perlman
nm0000598,Dennis Quaid
nm0000616,Eric Roberts
nm0000662,Kiefer Sutherland
nm0000693,Peter Weller
nm0000962,Carole Bouquet
nm0000982,Josh Brolin
nm0001057,Toni Collette
nm0001238,Jesús Franco
nm0001314,John Hannah
nm0001376,Isabelle Huppert
nm0001394,Derek Jacobi
nm0001621,Bronson Pinchot
nm0001826,M. Emmet Walsh
nm0001841,George Wendt
nm0001848,Dianne Wiest
nm0001860,Alicia Witt
nm0001882,Olivia d'Abo
nm0002010,Christian Clavier
nm0002019,Kevin Corcoran
nm0002332,Stephen Lang
nm0002350,Jim Meskimen
nm0002517,Lee Purcell
nm0004365,Fred Williamson
nm0004380,Antoine de Caunes
nm0004469,Kota Srinivasa Rao
nm0004739,Lauralee Bell
nm0004800,Jessica Capshaw
nm0004801,Nestor Carbonell
nm0004904,Angie Everhart
nm0004920,Frances Fisher
nm0004937,Jamie Foxx
nm0004979,David Alan Grier
nm0005218,Tim Meadows
nm0005234,Donna Mills
nm0005450,David Spade
nm0005522,Mario Van Peebles
nm0006669,William Sadler
nm0007342,Lee Aaker
nm0008014,Marc Abbott
nm0008090,Dino Abbrescia
nm0008288,Liza Abdullah
nm0008713,Abhimanyu Singh
nm0011589,Amanda Aday
nm0013793,Marvin Agustin
nm0015145,Halit Akçatepe
nm0016941,Ingo Albrecht
nm0019027,Hans Jürgen Alf
nm0019815,Selda Alkor
nm0020739,Krista Allen
nm0021607,Corbin Allred
nm0023697,Nuri Alço
nm0025193,Raouf Ben Amor
nm0027558,Virginia Anderson
nm0029771,Zsolt Anger
nm0031844,Takeshi Aono
nm0032737,Carlos Aragón
nm0033152,Arata Iura
nm0033843,John Arcilla
nm0033892,Ataíde Arcoverde
nm0035082,Murat Arkin
nm0038351,Mayumi Asano
nm0039596,Ashokan
nm0039604,Yumi Asô
nm0041300,Jean-Louis Aubert
nm0043268,Tom Avni
nm0046277,Bae Doona
nm0046541,Larry Bagby
nm0046619,Anders Baggesen
nm0047409,Melissa Jo Bailey
nm0047987,Ning Baizura
nm0052621,Uttara Baokar
nm0056271,Lynda Baron
nm0057776,Nerea Barros
nm0057843,Emmanuel Barrouyer
nm0059461,Sunil Barve
nm0062098,Henning Baum
nm0062568,Rizabawa
nm0067972,Mariya Belkina
nm0069580,Cathy Belton
nm0069871,Rabiah Ben-Abdullah
nm0070571,Camilla Bendix
nm0076482,Stefano Bernardin
nm0078074,Louis Bertignac
nm0079451,Nigel Betts
nm0080248,Santhana Bharathi
nm0080438,Sudha Bhuchar
nm0081070,Andrew Bicknell
nm0084241,Claudio Bisio
nm0084270,Angelo Bison
nm0086301,Macon Blair
nm0090487,Mahulena Bocanová
nm0092118,Bruce Bohne
nm0092314,Ole Boisen
nm0093872,Jerzy Bonczak
nm0098573,Rasmus Botoft
nm0099560,Max H. Boulois
nm0099561,Susy Boulois
nm0101400,Stuart Bowman
nm0105984,Elsie de Brauw
nm0107165,Alex Brendemühl
nm0107792,Alessandro Bressanello
nm0108431,Nicolas Briançon
nm0108637,Jon Briddell
nm0110336,Vigga Bro
nm0116373,Edo Brunner
nm0117937,Martin Buch
nm0119513,Paolo Buglioni
nm0119870,Reinier Bulder
nm0122834,Paul E. Burns
nm0123699,Robert Burton
nm0126744,Christian Bégin
nm0127656,Antônio do Cabo
nm0130429,Luis Callejo
nm0131254,Jairo Camargo
nm0135584,Francis Capra
nm0138120,Ralph Carlsson
nm0139528,Renato Carpentieri
nm0142790,Mela Casal
nm0143743,Stefania Casini
nm0144812,Sergio Castellitto
nm0149260,Alain Chabat
nm0149826,Shankar Chakraborty
nm0149867,Chalapathi Rao
nm0155693,Kristin Chenoweth
nm0155888,Arie Tcherner
nm0156495,Tai-Bo
nm0156660,Martine Chevallier
nm0156955,David Chiang
nm0157131,Saeko Chiba
nm0157133,Shigeru Chiba
nm0158253,Matthew Chisholm
nm0158320,Claire Chitham
nm0163060,Eva Cízkovská
nm0168036,Marcel Cobzariu
nm0172862,Jason Paul Collum
nm0173511,Roger Coma
nm0180336,Ron Cornet
nm0184392,Martin Kove
nm0190214,Luciano Cruz-Coke
nm0193846,Elisha Cuthbert
nm0194099,Ana Cuéllar
nm0194152,Zrinka Cvitešić
nm0194662,Clémentine Célarié
nm0196185,Craig muMs Grant
nm0200702,Dany Boon
nm0201462,Gérard Darmon
nm0202804,Alan David
nm0204599,Faye Davis
nm0210855,Vincent Duvall-DePasquale
nm0211140,Sven De Ridder
nm0212541,Dipankar Dey
nm0214358,Deepshikha Nagpal
nm0216117,Pawel Delag
nm0217022,Marissa Delgado
nm0217984,Marya Delver
nm0221218,Makrand Deshpande
nm0222181,Devan
nm0226770,Dileep
nm0227498,Ismail Din
nm0227759,Peter Dinklage
nm0228878,Joe Dixon
nm0229585,Diana Dobbelman
nm0230483,Dana Dogaru
nm0230698,Osvaldo Doimeadiós
nm0233145,Alison Doody
nm0236816,Joséphine Draï
nm0238475,Léa Drucker
nm0241039,Claude Duhamel
nm0241049,Josh Duhamel
nm0243620,Philippe Duquesne
nm0244624,Andrey Dushechkin
nm0244756,Richard Dutcher
nm0250945,Sien Eggers
nm0253216,Karra Elejalde
nm0256364,Robert Emhardt
nm0256890,Lena Endre
nm0257826,Köksal Engür
nm0257917,Alfred Enoch
nm0257934,Takaaki Enoki
nm0259462,Siw Erixon
nm0259708,Kajsa Ernst
nm0262026,Eric Etebari
nm0263209,Serena Evans
nm0264776,Valeria Fabrizi
nm0266046,Antônio Carlos Falcão
nm0266723,Daniel Fanego
nm0268317,Richard Farrell
nm0269077,James Faulkner
nm0269800,Erra Fazira
nm0275637,Danielle Fichaud
nm0277932,Herman Finkers
nm0283556,Michael Flynn
nm0289105,Kirk Fox
nm0289114,Laurence Fox
nm0291404,Diane Franklin
nm0291731,Koen Franse
nm0292708,Gunnel Fred
nm0293444,Joan Freeman
nm0295141,Andrea F. Friedman
nm0295393,Vladimir Friedman
nm0295429,Georg Friedrich
nm0295568,Annette Frier
nm0295704,Gustavo Frigerio
nm0297149,Jun Fubuki
nm0297552,María Rosa Fugazot
nm0300712,Jim Gaffigan
nm0302466,Patrick Gallagher
nm0302916,Guillaume Gallienne
nm0304265,Delhi Ganesh
nm0305083,Aimee Garcia
nm0306351,Marisol García
nm0308256,Rian Garrick
nm0312656,Tesshô Genda
nm0314980,Andrés Gertrúdix
nm0319826,Erica Gimpel
nm0319980,Banjô Ginga
nm0322479,Delphine Gleize
nm0323372,Tamara Glynn
nm0323574,Gianluca Gobbi
nm0324139,Simon Godley
nm0324980,Glen Gold
nm0325943,Diane Ayala Goldner
nm0326553,Gollapudi Maruthi Rao
nm0328751,Caroline Goodall
nm0335404,Gary Grant
nm0340028,Kay Greidanus
nm0344346,Aysen Gruda
nm0344603,Olivier Gruner
nm0344802,Dorka Gryllus
nm0345695,Sverrir Gudnason
nm0346069,Otto Guerra
nm0348481,Neena Gupta
nm0349522,Javier Gutiérrez
nm0351338,Daisuke Gôri
nm0353697,Junko Hagimori
nm0359305,Tomoe Hanba
nm0360515,Heike Hanold-Lynch
nm0361407,Jugal Hansraj
nm0361705,Yasuyoshi Hara
nm0361866,Ray Haratian
nm0366667,Leslie Zemeckis
nm0368330,Ibrahim Pendek
nm0374399,Charlotte Heinimann
nm0374815,Mahmut Hekimoglu
nm0375454,Ludo Hellinx
nm0377580,Bjarne Henriksen
nm0378245,Taraji P. Henson
nm0378698,Christoph Maria Herbst
nm0383213,Kari Hietalahti
nm0385288,Marshal Hilton
nm0385612,Michele Hine
nm0386252,Masato Hirano
nm0386294,Mitsuru Hirata
nm0387519,Janne Heltberg
nm0389298,Stig Hoffmeyer
nm0389377,Judith Hofmann
nm0391080,Rupert Holliday-Evans
nm0393028,Oscar Homolka
nm0393276,Yuzhou Hong
nm0394499,Miroslav Horácek
nm0394649,Hideyuki Hori
nm0394724,Masami Horiuchi
nm0396369,Serge Houde
nm0398388,Lisa Hoyle
nm0403714,Carlos Hurtado
nm0406305,Julia Ianina
nm0406594,Gorô Ibuki
nm0407435,Masaru Ikeda
nm0409384,Flavio Insinna
nm0410933,Nobuyuki Ishida
nm0412602,Masami Iwasaki
nm0412915,Aziz Jaafar
nm0415185,Ted Jacques
nm0415415,Behnaz Jafari
nm0415777,Ka-Yan Leung
nm0417314,Janardanan
nm0419707,Jayasudha
nm0422434,Geri Jewell
nm0422639,Wenli Jiang
nm0423031,Néstor Jiménez
nm0423084,Shih-Chieh King
nm0423518,Guy Jodoin
nm0424453,Adam Johnson
nm0424819,Corey Johnson
nm0425490,Karl Johnson
nm0429768,Jared Joplin
nm0430331,Dinis Gomes
nm0431221,Samuel Jouy
nm0431732,Chuan Wang
nm0433697,Bodil Jørgensen
nm0433884,K.P.A.C. Lalitha
nm0434129,Zita Kabátová
nm0436315,Salih Kalyon
nm0438463,Anil Kapoor
nm0439307,Babak Karimi
nm0439421,Lasse Karkjärvi
nm0440368,Ton Kas
nm0442368,Ron Kauk
nm0442622,Rick Kavanian
nm0446314,David Patrick Kelly
nm0447240,Kunal Kemmu
nm0450540,Kari Ketonen
nm0451483,Andrey Kharybin
nm0451561,Sachin Khedekar
nm0451600,Anupam Kher
nm0453304,Patrick Kilpatrick
nm0453440,Kim Eui-sung
nm0453584,King Kong Lee
nm0455829,Ryô Kinomoto
nm0457575,Yukiya Kitamura
nm0459294,Antonin Klepac
nm0459732,Mårten Klingberg
nm0462017,Kiyoshi Kobayashi
nm0463539,Manisha Koirala
nm0464104,Richard Kolinka
nm0464613,Abdoulaye Komboudri
nm0464880,Dada Kondke
nm0468773,Heidi Kozak Haddad
nm0470901,Vera Kresadlová
nm0471447,Ramya Krishnan
nm0474334,Valeriy Kukhareshin
nm0474609,Atul Kulkarni
nm0474779,Anil Kumar
nm0474938,Santhakumari
nm0475336,Simon Kunz
nm0475737,Kan'ichi Kurita
nm0475900,Asuka Kurosawa
nm0480658,Andrea Ladányi
nm0481185,Natália Lage
nm0481336,Javier Lago
nm0482300,Sreelakshmi
nm0482309,Lal
nm0484916,Jen Landon
nm0488085,Sandro Larenas
nm0489858,Rolf Lassgård
nm0490492,Tony Liu
nm0496987,Cheryl Thorup
nm0497631,Lee Jung-jae
nm0498165,RonReaco Lee
nm0500704,Andrea Leithe
nm0507073,Damian Lewis
nm0507320,Jazsmin Lewis
nm0507535,Matthew Lewis
nm0507860,Walter Lewis
nm0507958,Lieke van Lexmond
nm0515592,Claes Ljungmark
nm0518310,Jean-Robert Lombard
nm0519456,Eva Longoria
nm0522324,Faizon Love
nm0523784,Zhong Lu
nm0524011,Loes Luca
nm0524992,Daniel Ludwig
nm0525940,Dayton Lummis
nm0530726,Ruben Lürsen
nm0534497,Jamel Madani
nm0535502,Mía Maestro
nm0539336,Mohammad Reza Maleki
nm0541238,Kaori Manabe
nm0541908,Costas Mandylor
nm0542343,Kalabhavan Mani
nm0545884,Neri Marcorè
nm0553816,Jandira Martini
nm0557982,Kamalia Mat Dom
nm0559690,Takashi Matsuyama
nm0560412,André Mattos
nm0562210,Antonio Mayans
nm0570364,Joel McHale
nm0570868,Heath McIvor
nm0576619,Riccardo Mei
nm0578248,Germano Melo
nm0579756,Biju Menon
nm0580356,Verónica Merchant
nm0582149,Chris Messina
nm0582257,Johnny Messner
nm0583951,Robert Miano
nm0585469,Allen R. Middleton
nm0587396,Christina Milian
nm0592782,Akhilendra Mishra
nm0594647,Kenji Mizuhashi
nm0595914,Poornima Indrajith
nm0595936,Geethu Mohandas
nm0596440,Jitka Molavcová
nm0599999,Maria Amelia Monti
nm0602071,Margo Moorer
nm0612217,Otávio Müller
nm0616790,D. Lynn Meyers
nm0618502,Pascal N'Zonzi
nm0618651,Samy Naceri
nm0619305,Nagendra Babu
nm0619496,Mari Nagy
nm0620124,Jôji Nakata
nm0621454,Ken Narita
nm0623128,Dov Navon
nm0623360,Parivash Nazarieh
nm0624383,Toshie Negishi
nm0625936,Vincent Nemeth
nm0629195,Adama Niane
nm0629634,Lance E. Nichols
nm0630281,Madeleine Nicolas
nm0630614,Benjamin Niedens
nm0632497,Kazunari Ninomiya
nm0633989,Yukana
nm0639403,Patrick Thomas O'Brien
nm0643805,Uwe Ochsenknecht
nm0644521,Issei Ogata
nm0649239,Dale Oprandy
nm0649746,Fereshteh Sadre Orafaiy
nm0653736,Karim Ouédraogo
nm0661713,Cliff Parisi
nm0664169,Georgette Paré
nm0672142,Petteri Pennilä
nm0673224,Tonico Pereira
nm0675919,Milan Peschel
nm0675950,Donna Pescow
nm0675977,Atila Pesiani
nm0677944,Alistair Petrie
nm0679366,Anniek Pheifer
nm0680795,Siân Phillips
nm0683253,Rosamund Pike
nm0684131,Hon Ping Tang
nm0685222,Imma Piro
nm0689040,Josiah Polhemus
nm0690761,Cochi Ponzoni
nm0690904,Kirstie Pooley
nm0693848,Saeed Poursamimi
nm0695177,Prakash Raj
nm0695595,Praveena
nm0698489,Jeff Profitt
nm0702619,Jinsong Wang
nm0704270,Zachary Quinto
nm0704600,R. Narayana Murthy
nm0707463,M. Rajoli
nm0709355,Uri Klauzner
nm0711152,Uji Rashid
nm0714229,Cécile Rebboah
nm0714561,Jerry Rector
nm0717709,Kelly Reilly
nm0720508,Fernando de Retes
nm0720763,Revathi
nm0720879,Gábor Reviczky
nm0722560,Steffan Rhodri
nm0722636,John Rhys-Davies
nm0725526,Ronnie Ricketts
nm0730191,David Robb
nm0731075,Emma Roberts
nm0733784,Felipe Rocha
nm0735323,Frank Rodriguez
nm0737513,Rohini
nm0738391,François Rollin
nm0739124,Lina Romay
nm0740090,Fabrizio Rongione
nm0740535,Stephen Root
nm0748207,Sergio Rubini
nm0755093,Rajeshwari Sachdev
nm0755725,Hinako Saeki
nm0756534,Melissa Saila
nm0757012,Miki Sakai
nm0757327,Takahiro Sakurai
nm0759819,Madeleine Sami
nm0760723,Johanna San Miguel
nm0764871,Sarath Babu
nm0766376,Aziz Sattar
nm0767853,Gigi Savoia
nm0768893,Tiaré Scanda
nm0769233,Luciano Scarpa
nm0770726,Judit Schell
nm0773325,Sergio Schmied
nm0773551,Ingo Schmoll
nm0774634,Gijs Scholten van Aschat
nm0777649,Simon Schwarz
nm0778107,Erik Schäffler
nm0779489,Linda Gaye Scott
nm0781700,José Sefami
nm0782005,Ben Segers
nm0782938,Malik Selamat
nm0784292,Rituparna Sengupta
nm0784733,Bemvindo Sequeira
nm0787924,S. Shamsuddin
nm0788340,Molly Shannon
nm0789391,Archana Shastry
nm0793943,Shinji Kasahara
nm0806613,Tucker Smallwood
nm0812223,Hervé Sogne
nm0813278,Charles Solomon Jr.
nm0813763,Milind Soman
nm0814306,Xiaoying Song
nm0814309,Song Young-chang
nm0823563,Mike Starr
nm0824373,Johanna ter Steege
nm0824989,Fúlvio Stefanini
nm0827956,Irina Stemer
nm0833333,Blair Strang
nm0835181,George Stroumboulopoulos
nm0837098,Jirí Suchý
nm0837784,Barbara Sukowa
nm0838937,Daolin Sun
nm0840485,Nobuhiro Suwa
nm0840783,Héctor Noas
nm0844829,Ana María Sánchez
nm0845609,Hilmi Sözer
nm0845915,Jasmin Tabatabai
nm0846474,Nelly Tagar
nm0848862,Khatijah Tan
nm0850618,Jürgen Tarrach
nm0851060,Tatán
nm0853583,Owen Teale
nm0855092,Olivia Tennet
nm0856663,Pamela Teves
nm0856808,Tôru Tezuka
nm0856918,Katharina Thalbach
nm0858128,Thilakan
nm0860443,Marc Thompson
nm0861657,David Thorpe
nm0864458,Adrian Titieni
nm0865302,Tony Todd
nm0865806,Yû Tokui
nm0866209,Shabnam Tolouei
nm0869461,Kamel Touati
nm0872922,Aramis Trindade
nm0873223,Heinz Trixner
nm0874851,David K.S. Tse
nm0874865,Miao Xie
nm0875244,Kanji Tsuda
nm0875495,Shin'ichi Tsutsumi
nm0879936,Yûji Ueda
nm0881710,Urbanus
nm0881986,Elena Uriz
nm0882267,Nina Usatova
nm0883305,Vaishnavi Mahant
nm0884466,Orlando Valenzuela
nm0887206,Jelka van Houten
nm0889475,Jérôme Varanfrain
nm0890665,Diego Vásquez
nm0893449,Nedumudi Venu
nm0896631,Cédric Vieira
nm0900376,Marco Vivio
nm0900710,Bram van der Vlugt
nm0905908,Germain Wagner
nm0910040,Harriet Walter
nm0910725,Deric Wan
nm0911976,Zdzislaw Wardejn
nm0917672,Wei Wei
nm0920460,Vernon Wells
nm0926086,Isiah Whitlock Jr.
nm0928296,Pawel Wilczak
nm0934710,Alberte Winding
nm0936300,Tom Wisdom
nm0936949,Leopold Witte
nm0943079,Daniel Wu
nm0945189,Simon Yam
nm0945322,Kappei Yamaguchi
nm0945693,Ginnojô Yamazaki
nm0947236,Mikhail Efremov
nm0947514,Yum Jung-ah
nm0947989,Erdal Yildiz
nm0948112,Cecilia Yip
nm0948473,Hashimah Yon
nm0949433,Damian Young
nm0952085,Zulkifli Zain
nm0952685,Del Zamora
nm0954036,Natalie Zea
nm0955496,Lixin Zhao
nm0956053,Rick Zieff
nm0959420,Emilio Álvarez
nm0961121,Gabriella Hámori
nm0992104,Josef Säterhagen
nm0992109,Siavosh Tahmoures
nm0992126,Michael Sean Tighe
nm0997634,Normadiah
nm0998350,Michael Jong-Quin Huang
nm0999309,Barbara Sobels
nm10001111,Pradeep Bastola
nm10002762,Lungile Radu
nm1001625,Renji Panicker
nm10017300,Ivan Neustroyev
nm10020219,Pierre Raffy
nm1002207,Phetthai Vongkumlao
nm10023022,Shacolby Shentell
nm10026135,Kanoko Sudo
nm1002664,Michael Eklund
nm10036519,Yiwen Cao
nm10041459,Sahil Shah
nm1004639,Madhupal
nm1004978,Saiful Apek
nm10056717,Brock Roberts
nm10056740,Summer Kenyon
nm10058902,Frisly Herlind
nm1006583,Jackie Lou Blanco
nm10067359,Terrence Little Gardenhigh
nm10067387,Martina Gatti
nm10070918,Mikey Averill
nm1007767,Joonas Nordman
nm10082610,David Anthony
nm1008972,Miguel Borines
nm10091596,Kevin Jimenez Bernal
nm10097775,Sen Ha
nm10097892,Ludovica Nasti
nm10106423,Buiú
nm10107176,Linda Manelius
nm1011348,Indrajith Sukumaran
nm10117277,Casper Nordenberg
nm10132070,Nicole Bleacher
nm10134922,Frederick Du Rietz
nm10135646,Joaquín Albero
nm10135648,María Rubio
nm10136185,Heather Farace
nm10136189,Grid Margraf
nm10140456,Georgiy Bessonov
nm10142219,Amrit Amby
nm10164163,Manami Usamaru
nm10175558,Pierce Briggs
nm10180505,Shelby Wynne
nm10181097,Ron Macapagal
nm10181098,Kayla Heredia
nm10182901,Suraj Gowda
nm10183085,Joana Vinogradoff
nm10183124,Arjun Das
nm10191760,Mira Filzah
nm10192526,Nicole Mahr
nm10193929,Ciara Nadine Brosnan
nm10201105,Elsa Forsberg
nm10204853,Ronald Kah
nm10209518,Fawn Martin
nm10221439,Jasmin Selimovic
nm1022263,Karen Strassman
nm10234074,Junjia Hong
nm10235712,DeAge'a Davis
nm10235716,Rovon 'Buddy Roe' Mosley Sr.
nm10235918,Billie Wolff
nm1024333,Perfeito Fortuna
nm10245269,Willem Bevers
nm10245920,Makoto Tanaka
nm10253161,Chanty
nm10255697,Mahesh Jadhav
nm10273285,Malika Mahat
nm1027735,Mauro Altschuler
nm1028434,Reza Beyk Imanverdi
nm10287530,Herold Vomeer
nm10293758,Alexandra M. Hunter
nm1029790,Anna Granquist
nm10301720,Fruzsina Hais
nm10313053,Vlad Kiryukhin
nm10313614,Lauren B. Leigh
nm10318822,Basmalah Gralind
nm1033328,Nosratolah Vahdat
nm10335234,Saurabh Sharma
nm1034066,Wayne Harrison
nm10341879,Sergey Lee
nm10341880,Alexander Marakulin
nm1035011,Robert Acres
nm10350904,Amit Kasera
nm10350905,Shirish Soni
nm10351412,Rodrigo Jerez
nm10362347,Tianye Li
nm10363404,Saurabh Adya Pandey
nm10375007,Aparna Das
nm10379526,Roshan Ullas
nm10382319,Sebastián Dupont
nm10390198,Shalu Sharma
nm10395055,Enrique Romero
nm10395075,Carlos Alberto Moncada
nm10395076,Enrique Barrientos
nm10396292,Xander Pineda
nm10407093,Ivan Greene
nm10411559,Shailaja Ambu
nm10447521,Pedro Noah Espínola
nm10447683,Madeleine Bundy
nm1045593,Loren Taylor
nm10473992,Nick Masters
nm1047838,Lee Donoghue
nm10480587,Teagan Johnston
nm10485613,Chiara Vinci
nm10498203,Max Mackintosh
nm10498861,Jovarel Callum
nm10498862,Juliant Rafael
nm10498863,Chico Radella
nm10498875,Tarush Waghela
nm10498967,Yuttana Puangklang
nm10498968,Endoo Wongkamlao
nm10499038,Vishay Waghela
nm10499039,Neeraj Uke
nm10499040,Yashwant Anand Gupta
nm10499041,Amrik Shrivastav
nm10499042,Albert Shrivastav
nm10499989,Stephen Daltry
nm10501288,Rochelle Dickerson
nm10501331,Yakir Portal
nm10501332,Shir Eliman
nm10501333,Liron Ben-Sasson
nm10501609,Gustavo Bernate
nm10501610,George Pinzón
nm10502083,Charlie Paloma
nm10502086,Brownie Hansen
nm10503028,Zhang Li
nm10503030,Jiaren Liang
nm10503147,Leila Masamoto
nm10503167,Ashok Chavan
nm10503421,Tiet Cuong
nm10503928,Farah Dinga
nm10503931,Daphne Dorman
nm10503936,Daniel Madsen
nm10504395,Carmengloria Morales
nm10505085,Marsha Fenwick
nm10505086,Stan Fenwick
nm10505245,Ana Oca
nm10505335,Feng Xia
nm10505336,Jinghai Zhang
nm10505337,Xiaojian Li
nm10506074,Shôka Ôshima
nm10506075,Shin'ya Hamada
nm10506132,Marcus Eim
nm10506271,Jia Wang
nm10506272,Mengwei Ma
nm10506445,Raechelle Ricketts
nm10506446,Joachim Idinye
nm10506499,Vlad Popescu
nm10506500,Tudor Bratucu
nm10506889,Timur Garipov
nm10507025,Dhanraj
nm10507026,Snigdha
nm10507027,Sameerdatta
nm10507028,Jaya Prakash Reddy
nm10507872,R.J. Orr
nm10508365,Terangi Brown
nm10508366,Afega Si'ulepa-Mulivai
nm10508367,Jett Willem Morris
nm10508368,Ted Rattray
nm10508595,Kana Natsume
nm10508596,Azusa Minamiyama
nm10508597,Yuno Ohara
nm10509071,Tintin Poggats Sarri
nm10509072,Troy Lundkvist
nm10509237,Nick Kelesau
nm10509238,Elizabeth Ballang
nm10509649,Aliya Mukamuri
nm10509893,Mewnich Nannaphas Loetnamchoetsakun
nm10510387,Kyraha Semyonova
nm10510389,Nikolay Konstantinov
nm10510822,Helen Celia Castro-Wood
nm10511214,Shane Weinberg
nm10511457,Ewan Wall
nm10511458,Tyler Holding
nm10511459,Luca Winch
nm10511462,River Zada
nm10511482,Xiaoming Zhu
nm10511483,Dezhi Yang
nm10511484,Jing Shi
nm10511637,Caleb Brown
nm10512316,Ethel Flores
nm10512318,Mario Raudales
nm10512522,Andy Miller
nm10512523,Jake Keefe
nm10513061,Dmitriy Baishev
nm10513062,Pyotr Petrov
nm10513063,Serafim Kharlampyev
nm10513064,Stepan Poryadin
nm10513065,Kyunney Filippova
nm10513066,Ayan Vasilyev
nm10513489,Wall Javier
nm10513490,Germán Tarantino
nm10513491,Claudio Medina
nm10513492,Juan Salmeri
nm10513493,Camila Diez
nm10513494,Sergio Sarria
nm10513495,Malena Majul Lieun
nm10513496,David Maldonado
nm10513889,Bea Aaronson
nm10513890,Jerry Marette
nm10514360,Luna Labelle
nm10514361,Brianna Shewbert Rouse
nm10514362,Nixi Oblivion
nm10514363,Adrienne Stone
nm10514467,Farhia Mohamed
nm10514468,Shamsa Issa Abdi
nm10514469,Julija Salaseviciute
nm10514470,Natalie Price Hafslund
nm10514471,Giorgio Belli
nm10514474,Enzo Bertoldi
nm10514493,Aditi Bhagat
nm10514681,Giacomo Bastianelli
nm10514928,Naledi Majola
nm10515174,Marcia Majcher
nm10515175,Juan Hintz
nm10515176,Mateo Giménez
nm10515242,Tuur Verelst
nm10515696,Clay Coleman-Davis
nm10516038,Wang Xia
nm10516039,Xinqi Liu
nm10516069,Yu Hanbing
nm10516070,Zhu Jiaqi
nm10516071,Karen Li
nm10516255,Lacy Johnson
nm10516256,Andrew Johnson
nm10516258,Jessica Fuchs
nm10516260,Paul Christopher
nm10516430,Lance Woods
nm10516433,Paul Fisher
nm10516435,Christopher Girard
nm10516438,Josef Bergen
nm10516439,Steve Gray
nm10516440,Thomas Beckman
nm10516646,Leandro Martín López
nm10516647,Rory Widd
nm10516648,Lennon Acero
nm10516649,Amancay Kazgudenian
nm10516768,Hasan Qureshi
nm10516769,Marianne Mayer
nm10516808,Heather Tee
nm10516809,Gemmicah Grith Argonza
nm10516908,Ansh Gupta
nm10516909,Yashpaal Saini
nm10517485,Tom Jones
nm10517486,Max Logan
nm10517488,Marian Hope
nm10517490,Sean Michael McElroy
nm10517493,Andre S.
nm10517497,William Valerius Sorel
nm10517798,Richard White
nm10517810,Clara Bardeen
nm10517811,Winston Jayna
nm10517812,Frank Conan
nm10518650,Roland Marton
nm10518651,Carol Keating
nm10518654,Kimberly Newkirk
nm10518655,Keith Dallas
nm10518657,Joseph Marenus
nm10518658,Christine Lacamera
nm10518659,Robert Geary
nm10519166,Anthony Hepburn
nm10519167,Charlie Shine
nm10519168,Oliver King Bath
nm10519169,Robert De Bruin
nm10519300,Lu Liu
nm10519301,Han Mo
nm10519302,Yu Deng
nm10519306,Alessio Freitas
nm10519361,Amir Shamloo
nm10519512,Hilal Anay
nm10519513,Ucgun Tunc
nm10519514,Elif Gök
nm10519515,Fatih Selim Emek
nm10519516,Canan Ünal
nm10519683,Paris Janea
nm10519684,Jalisa McFat
nm10519745,Roddy Frey
nm10519746,Michelle Nielsen
nm10519747,Connie Di Virgilio
nm10519748,Paul Giachetti
nm10519749,Bryan Dusini
nm10520100,Quan Nguyen
nm10520101,Dylyn Knox
nm10520102,Ambre Knox
nm10520199,Andrei Indreies
nm10520200,Jean-Baptiste Heuet
nm10520201,Pierre Porquet
nm10520202,Catalin Morar
nm10520204,Cedric Henquez
nm10520205,Frederic Pare
nm10520206,Cedric Maturana
nm10520326,Ali Carroll
nm10520328,Dan Clarke
nm10520333,Kate Shaw
nm10520334,Kevin Copping
nm10520335,Laura Barns
nm10520687,Liz Carroll
nm10521100,Ismael Barthelemy
nm10521106,Albert C. Asphall
nm10521108,Lachmi Bennett
nm10521114,Astride Absence
nm10521115,Shakes Daring
nm10521232,Mahsa Tahmasebi
nm10521233,Danial Ghaffarzadeh
nm10521527,Akhil Prabhakar
nm10521529,Suryalal Sivaji
nm10521663,Bethan Perkins
nm10521728,Sergey Bredyuk
nm10521730,Larisa Fedorova
nm10521955,Cristin Poudel
nm10521976,Prashant Bhargav
nm10522898,Gabriella Baronello
nm10522899,Steven Brownlie
nm10522900,John Irvine
nm10522901,Gordon Brownlie
nm10522904,Caroline Johnstone Boyle
nm10523204,Jorge Prado
nm10523205,Jeremías Antún
nm10523296,Bita Steinjan
nm10523297,Azar Haghshenas
nm10523298,Sebastian Hüttersen
nm10523299,Sofia Tschernomordik
nm10523713,Alex Caffrey
nm10523716,Veronika Ceh
nm10523717,Ivana Bilandzija
nm10523718,Antonela Boban
nm10523723,Eliska Cechova
nm10523724,Bruno Cerepinko
nm10523730,Dorotea Balicevic
nm10525057,Sheshan Padmanaban
nm10525058,Priyanka
nm10525219,James Jurovich
nm10525746,Zier Li
nm10525864,Normunds Griestins
nm10525866,Gaochang Peng
nm10525867,Lin Shuang
nm10525870,Doudou Peng
nm10527014,Saswata Chatterjee
nm10527015,Trina Saha
nm10527017,Apratim Chatterjee
nm10527019,Pallavi Chatterjee
nm10527092,Valavane Koumarane
nm10527604,Nicholas Condeni
nm10527795,Sunerah Binte Kamal
nm10528627,Ana María Otálora
nm10528948,Xiaohu Liu
nm10528949,Jixiong Feng
nm10528950,Xi Lu
nm10528951,Guanru Ling
nm10528992,Wendy Lavezzi
nm10529038,Alireza Goudarzi
nm10529306,Asyiela Putri Bt Azhar
nm10529307,Mohd Amir Asyraf Bin Mohd Noor Rashid
nm10529308,Irfan Fahim Bin Mohd Irman
nm10529309,Ahmad Mawardi Bin Abdul Rahman
nm10529310,Fakhrul Razi Ibrahim
nm10529329,Ramkumar Sudharshan
nm10529330,Dhanusha Dhanraj
nm10529331,Sarah George
nm10529368,Rita Merle
nm10529687,Martin Rohde
nm10529688,Leyla Roy
nm10530279,Orockya Alorabou
nm10530282,Alizeta Ouedraogo
nm10530468,Isabella Cegarra
nm10530470,John Burkart
nm10530488,Vanessa Diaz
nm10530500,Elijah Maximus
nm10531235,Lars von Velsen
nm10531236,Sabrina Heuer-Diakow
nm10531510,Rahul Bhardwaj
nm10531566,Girish Kumar B
nm10531569,Mouna Shree
nm10531595,Mantra Patel
nm10531596,Master Ayushman
nm10531654,Prabu Revolusi
nm10531655,Angrean Ken
nm10531656,Brooklyn Alif Rea
nm10532064,Bogdan Chernetskiy
nm10532612,Breanne Foster
nm10532694,Vimal Krishna
nm10532730,Dave Graham
nm10532780,Arthur Lang
nm10532816,Jasmine Deanne Andrews
nm10532821,Patti Dearman
nm10532822,Shareen Abdullah
nm10532823,Victoria Anderson
nm10532827,Walt Brown
nm10532833,Bella Cominio
nm10532835,Monique Cominio
nm10532840,Joe Cooley
nm10532841,Jonathan Best
nm10532891,Loco Meisenkaiser
nm10532893,Patrick Hoffmann
nm10532936,Lya-Amalia Grünelt
nm10532937,Christina Sieg
nm10533776,Bo Burger
nm10533777,Kylian de Pagter-Colin
nm10533830,Stephen Johnson
nm10533868,Vijay Nagarajaiah
nm10533869,Girish Bijjal
nm10533870,Anand Kuddannavar
nm10533871,Lokendra Sarki
nm10533891,Nandu Anand
nm10533892,Madhuri Dilip
nm10533894,Althaf
nm10533934,Girish Bujji
nm10534257,Sandra
nm10534258,Yunda
nm10534259,Kayun
nm10534260,Ni Putu Astridayanti
nm10534261,Mangku Tedja Kandel
nm10534262,Hai Puja
nm10534263,Galuh Bilen
nm10534264,Gus Surya
nm10534265,Edy
nm10534968,Daiva Lebeliunaite
nm10535601,Mitra Rafee
nm10535602,Nima Niktabe
nm10535703,Mahvash Sabrkon
nm10535863,Edvinas Vadoklis
nm10535864,Aiste Tomkeviciute
nm10535978,Emir Han Özcan
nm10536247,Pruthvi Ambaar
nm10536248,Riaha Nijagun
nm10536350,Suresh Thiruvalla
nm10536355,Sian Xiong
nm10536356,Gernny Lor
nm10536357,Koua Thao
nm10536358,Ncaj Bee Vang
nm10536359,Tien Kim
nm10536360,Singyee Her
nm10536386,Nidhi Arun
nm10536829,Madhu Gaikawad
nm10536915,Marta Ibáñez Cruz
nm10536936,Olivier Lukunku
nm10536937,Lisa Hultström
nm10536938,Samir Yousif
nm10536939,Mehran Merre
nm10536940,Liily Jimenez
nm10536989,Diego Domínguez Rubiños
nm10536990,Alberto Guerra Obispo
nm10538031,Saptarshi Basu Roychoudhury
nm10540509,Nazanin Solhjoo
nm10542778,Pan-Yang Chang
nm10544375,Tokika Hayasaka
nm10545451,Jun Mutô
nm10548027,Holger Düsterhöft
nm10548028,Tristan Heinen-Bizjak
nm10548029,Georg Menzel
nm10548030,Florian Schönecker
nm10548031,Ludger Op de Hipt
nm10548032,Peter Riese
nm10548033,Björn Wenders
nm1055050,Orhan Aydin
nm10553203,Akhil Karthik
nm10553701,Donna Baumgartner
nm10555872,Milo Cunningham
nm10557535,Tang Ying Sowk
nm10560371,Muhammad Fareez Daniel Bin Sharabuddin
nm10560372,Muhammad Musyrif Azzat Bin Mohd Azzuan
nm10560374,Rufaidah Bt Mohamed Fadzil
nm10562494,Hiiro Ishibashi
nm10562600,Andhika Astari
nm10569025,Burhan Sirmabiyik
nm10569206,Dilek Ölekli
nm10570112,Karine Asiryan
nm10571411,Freya Wilson
nm10571929,Vinoth Sridhar
nm10573616,Jowin Abraham
nm10574764,Ciara Elliott
nm10583457,Himang Rajput
nm10583931,Emerald Bougere
nm1058827,Martin Leutgeb
nm10592896,Sritha Chandana
nm10596213,Andrew Joseph Brodeur
nm10604132,Sruthi Sai
nm10606158,Ryôsuke Miyake
nm10608807,Jaikumar
nm10608888,Hemanth Gowda
nm10611935,Glenys Grant
nm10616934,Tara Niewiadomski
nm10618711,Carissa Viaje
nm10618712,Raine Dayrit
nm1061914,Darren Andrichuk
nm10627216,Toby T. Johnson
nm1063517,Kathryn Hahn
nm10643804,Aleksandra Komissarova
nm10649121,Emillia De Castro
nm10665960,Jackie Khoshnaw
nm10667246,Arjun Mahi
nm10667425,Geethanandh
nm10672181,Alejandra 'Ale' Arias
nm10676139,Anson Days
nm10678594,Garazi Urkola
nm10678595,Irati Saez de Urabain
nm10678596,Jone Laspiur
nm10678597,Lorea Ibarra
nm10678598,Yune Nogueiras
nm10685473,Óscar Martínez
nm10689191,Norasnizah Zaidi
nm1069439,Suhas Joshi
nm10695336,Ebba Bangoura
nm10695654,Wanglai Jin
nm10697891,Mahi Milan
nm10699271,Yanna Jin
nm10700050,Yong Chen
nm10700386,Kiran
nm10700387,Harshad Kulkarni
nm10700972,Ushbebe Comedian
nm10701003,Xiangran Kong
nm10701005,Dou Dou
nm10701006,Ding Ding
nm10702745,Stephany
nm1070494,Satoshi Tsumabuki
nm10706921,Sunil Sharma
nm10711391,Daniel Warner
nm10712621,Lekesha R. Barnett
nm10717482,Trey Guinn
nm1071765,Mikako Takahashi
nm10717755,Max Castellanos
nm10730437,Yu Ren
nm10730438,Yunyao Zhang
nm10732415,Aric Chen
nm10732679,Oriol Cervera
nm10740630,Paul Killick
nm1075793,Gündüz Abbasov
nm10764434,Daniel Repas
nm1076604,Boboy Garrovillo
nm10767800,Alireza Nasehi
nm10767801,Anahita Khosravi
nm10767802,Negar Ardalan
nm10773505,Thomas Benedict
nm10773506,J.P. Bunn
nm10773507,Joe Brown
nm10774160,Justin Golinski
nm10777053,Ivo Mesquita
nm1078686,Sofía Gala Castiglione
nm1080768,Keith Arthur Bolden
nm1081069,Semra Dinçer
nm10812446,William Walker
nm10813453,Akhila Asokan
nm10814833,Maria Morera
nm1081573,Philippe Katerine
nm10815878,Kenny Kendawg
nm10823679,Biel Rossell
nm1082477,Omar Sy
nm10840777,J.D. Pepper
nm10840877,Mersal Alshamsi
nm10842599,Vaisakh Shankar
nm1084912,Salon Basnet
nm10849968,Amiko
nm10849969,Karen Aizome
nm10849970,Mirei
nm10849972,Rorurari
nm10850375,Behzad Ghadyanloo
nm1085816,Ryosuke Koike
nm10862811,Abdi Delgo
nm10864377,Kiera Espanola
nm10864378,Nathalie Alexia O. Arana
nm10864773,Toby Hendy
nm10868748,Charles Catel
nm10871664,Sandeep Chatterjee
nm1087555,Lucia Ocone
nm10877055,Mu Chen
nm10877187,Aniek Stokkers
nm10877188,Stef Assen
nm10877189,Annie Beumers
nm10880962,Eric B. Robinson Jr.
nm10883493,Jade Cardozo
nm10883494,Patrícia Caliari
nm10883495,Fernanda Schneider
nm1089136,Karin Bertling
nm1089541,Lifan Dong
nm10898346,Dylan Bingham
nm10900172,Victor Iván
nm10905916,Kapil Kamble Gudsurkar
nm10917549,Gustavo Barrientos
nm1092370,Yadolla Shirandami
nm10924604,Bernardo Scerpella
nm1092593,Francesca Fiorentini
nm10934050,Kevin Mahler
nm10936057,Jovonnah Nicholson
nm10936200,Igor Chekhov
nm10940948,Andy Harrison
nm10940950,Jasmine Jones
nm10948182,Jerome Coleman
nm10959118,Jesse de Jong
nm10959119,Senn de Jong
nm10959539,Mollie Hindle-Pérez
nm10959540,Jacob Cottrell
nm1095993,Renzo Cruz
nm1096341,Gerti Drassl
nm1098416,Gauri Malla
nm10985752,Berfin Sönmez
nm10994971,Saiee Manjrekar
nm1101677,Jun Fukuyama
nm11024901,Erik Martini
nm11024902,Eliana Farinon Lazzarino
nm11024903,Antonio Amoruso
nm1102816,Robyn Paterson
nm11028339,Hannah Smith
nm11042869,Augustin Reynes
nm11055607,April Cabalonga
nm11055608,Romelyn Angeles
nm1106386,Dilip Shirke
nm1106407,Jason Sims-Prewitt
nm11095634,Cheng Ko
nm11101448,Kei Gambit
nm11140652,Mustaqim Bahadon
nm11145228,Martí Múrcia
nm11145229,Arés Fuster
nm11152652,Ernest Marsh
nm11163514,Henriette Laursen
nm11175487,Nicholas Pule Welch
nm11175496,Elisabeth Ehde Torbjörnsdotter
nm1117631,Yul Bürkle
nm1118049,Véronique Fauconnet
nm11191449,Ella Olivares
nm1119544,Saleema
nm11198899,Johan Bäckström
nm11203231,Saranya Anand
nm1120593,Emily Barclay
nm11210198,Azliyuszaini Mohd Noor
nm11213945,Emily McAnulty
nm11224501,Manel Giraldo
nm11232735,Yong Ding
nm1123840,Alyy Khan
nm11248904,Stephanie Neufeld
nm11249139,Tony Deshawn Straughter
nm1125178,Toygun Ates
nm1125711,Pavel Derevyanko
nm1126474,Yusry Abd Halim
nm11278367,Florian Faure
nm1127958,Yograj Singh
nm11280432,Pradip Kothmire
nm11298556,Senica Lee
nm1130500,Sílvio Restiffe
nm11309531,Anthony Batista
nm11309545,Josecarlos Martinez-Millard
nm11317868,Hritu Deepak
nm1131934,Ramesh Bhatkar
nm1132045,Usha Chavan
nm11321759,Alice Donath
nm11323890,Dheena Dhayalan
nm11328108,Darren Do
nm11330621,River Oosterink
nm11354031,Amin Hajiakbari Dizaji
nm11354032,Farid Adhami
nm1135487,Daphne Bunskoek
nm11357366,Rosa Walton
nm11364603,Lisha Kang
nm11364604,Fengshu Wen
nm11364605,Xiang Ding
nm11364607,Deren Chen
nm11364609,Deren Sun
nm11364610,Xikun Yin
nm11367475,Joelle Westwood
nm11370203,Dhanya Ananya
nm11370739,Sophia Lücke
nm11372323,Jensan Diwakar
nm1138094,Nodar Shashigoglu
nm1138926,Mike Dell
nm11391211,Frank Haraksin
nm11402386,Dasha Chagall
nm11404535,M.S. Jahangeer
nm11417750,Jasna Anderson
nm11419329,Georgiy Bergal
nm11457088,Tim Schmidt
nm11461233,William Chandler
nm11463444,Celina Braute
nm11463445,Sofie Folgart
nm1148206,Anne-Pascale Clairembourg
nm11482290,Fazri Iman
nm11484888,Vikramadityan Nambi
nm11484891,Prabanchan
nm11484894,Abdul Jaffar
nm11484895,Meena
nm11484897,Balasubramanian
nm11484898,Gayathri
nm11521183,Johanne Thibaut
nm11521184,Lulubelle Gobron-Amoti
nm11521185,Yvon Connan
nm1152495,Cian Barry
nm11527625,Nomalanga Shozi
nm1157315,Gloria Laino
nm11581621,Shahrashub Roghanian
nm11581622,Ehsan Mohammadi
nm11589788,Sharanjith
nm11589789,Aliya Wasim
nm11589790,Gopalakrishnan
nm1159180,Ed Helms
nm11614280,Charlotte Bradshaw
nm11618001,Veena P. Nair
nm1162224,Wei Liu
nm11630215,Shavi Sharma
nm1163659,Sophie Cadieux
nm1164183,Vadhir Derbez
nm1165023,Farhad Hamidi
nm1165804,Nathalie Lacroix
nm11660246,Anastasiya Abadzhidi
nm11661727,Keith Migra
nm1166586,Shion Nakamaru
nm11676837,Alfonso González Lesca
nm11676838,Martín Viale
nm11676839,Horacio Amigo
nm1167899,Jiaolong Sun
nm11685100,Alan Rocha
nm11685819,Alex Mills
nm11689545,Chris Delaney
nm11698973,Consuelo Pizarro
nm11698974,Marcelo Liapiz
nm11715151,Bhoomika Dash
nm1171534,Armais Vartani Hovsepian
nm1171983,Patrycja Durska
nm1172173,Sirus Gorjestani
nm11723769,Bomi
nm1173203,Asghar Semsarzade
nm11744221,Stéphane Robles
nm1178851,Ren Matsuzawa
nm1179677,Paul Scheer
nm11796881,Ho-Yin Chien
nm11796883,Kuo-Tsun Chen
nm11801319,Hu Guofang
nm1182296,Riyaz Pathanapuram
nm11824396,Patrick Phillips
nm11848561,Gabriel Pérez-Barreiro
nm11857319,Louis Hoffman
nm11866846,Ryutaro Yasumitsu
nm11876042,Coraetta Harrelson
nm11878136,Sandeep Chatterjee
nm11880040,Sung Joon Park
nm11882151,Tamaki Kubose
nm11882152,Kenta Ishida
nm11883215,Agape Browall
nm11883216,Michael Perlitz
nm11884850,Gustav Kock
nm11885180,Laura Peralta
nm11885597,Oscar Martinpelto
nm11885714,Erik Andersson
nm11885715,Eline Sylsjö
nm11885716,Anna Dalström
nm11918155,Jyoti Ranjan Nayak
nm1192347,Kaori Nazuka
nm12016422,Tanya Gómez Andrade
nm1204305,Jodi Sta. Maria
nm1205016,Edgar Mande
nm1207895,Alvin Anson
nm1209115,Satoko Abe
nm12091286,Priyanka Sreelakshmi
nm1209657,Yûya Endô
nm12103359,Pradeep Rudra
nm1210364,Guershon Moreno
nm12110161,Zicheng Hu
nm12160436,Maria Bondareva
nm1216145,Aina Clotet
nm1217886,Alexander Senderovich
nm1218352,Jacky Woo
nm12185136,Marin Hidaka
nm1218953,Charlene Choi
nm1219922,Jhansi
nm1221047,Keegan-Michael Key
nm12239003,Robert Carlton Stimmel
nm1224286,Tatyana Leganteva
nm1227161,Sammul Chan
nm1228132,Bing Loyzaga
nm12284344,Dina Zarif
nm12297339,Morten Kamuk Andersen
nm1230844,Narain
nm12317743,Nigel Anthony
nm12340952,Ayane Kinoshita
nm1235052,Eva van de Wijdeven
nm12366953,Roxy Nel
nm1237235,Ronnie Gene Blevins
nm12384494,Dinesh Vijay Shirode
nm12402640,Murat Mukazhanov
nm12406099,Connor Alexander
nm12406100,Bernadette Pitoff
nm1242068,Dilip Prabhawalkar
nm12426851,Ayushi Tiwari
nm12427606,Pete de Jong
nm1242935,Midoriko Kimura
nm12454359,Alibek Danabai
nm12481233,Do Duy Khai
nm12498788,Durojaiye Olukayode Bigs
nm12498791,Abbey Chile Abuede
nm12498795,Amanna Agu
nm12505163,Annika Wahlsten
nm12507502,Sam Blaxter
nm12513524,Lars Wahlsten
nm12513525,Lauren Colasanti
nm12513526,Eve Van Rens
nm12515852,Tara Hayes
nm1252090,Ma Lan
nm1252320,Xiaowei Ma
nm1252616,Mahmoud Pakniat
nm1252904,Heng Qi
nm1253802,Darya Ekamasova
nm1253882,Xiaomin Zhang
nm1254154,Hui Wang
nm12542920,Ke'Juan Moses
nm12549820,Marco Soldá
nm12555605,Tuckeya Robinson
nm12560130,Chui-Tang Chiu
nm12560133,Pai-Tu Hsiao
nm12560160,Wu-Hu Chen
nm12573936,Anil Joseph
nm1257934,Natalie Minnevik
nm12593032,Márcia Caspary
nm12595208,Izzy Jones
nm12623704,Carol Janet Pina Geraldes
nm1263519,Danny Gurniak
nm1263635,Jonathan Keeble
nm12640295,Sarah Mackie
nm12655791,Payam Alavi
nm1266058,Ria Irawan
nm12693498,Kika van de Vijver
nm1269584,Sandhya Mridul
nm12710177,Tapaswini Guru
nm12710178,Purushottam Mishra
nm12710179,Sushree Smita Panda
nm12710180,Shankar Behera
nm12710181,Munia Panigrahi
nm1271447,Ching-Ching Chang
nm12718920,Alexander Postolenko
nm1273412,Julie Wittner
nm1276933,Min Pang
nm1278335,Leo Alkemade
nm1278853,Rubin Chen
nm12789773,Seana Restom
nm12789774,Liliane Chacar Khoury
nm12789775,Geana Restom
nm12799374,Dimitrios Lagopoulos
nm1285394,Ekaterina Guseva
nm1287787,Huanqing Li
nm12902760,Jane Oliphant
nm1290838,Isaac Alcayde
nm12937478,Leela Heart
nm12940389,Mark Kadrich
nm12942399,Cornelius Won Riedel-Clausen
nm1295827,Amit Behl
nm12967570,Eduardo Jovany Magaña Espinoza
nm12969035,Pejvak Imani
nm12970671,Surya Trivedi
nm1298458,Guy Burnet
nm1299248,Karla Estrada
nm1299704,Xuxin Guo
nm1300009,Adil Hussain
nm1300650,Fangbing Lin
nm1301657,Dejan Petosevic
nm1302330,Murli Sharma
nm13024820,Sasmita Piyali Sahoo
nm1303080,Yuping Wei
nm1303331,Jianwen Zhao
nm1303983,Monique Alfradique
nm13080862,Judit Martín
nm13100499,Clara Thi Thanh Jensen
nm1310525,Lee Sun-kyun
nm1314276,Anna Ferruzzo
nm1316038,Fan Tong
nm13182919,Masoud Naziri
nm13188390,Faisal Test
nm13233318,Ganesh Vasant Patil
nm1326428,Efrat Baumwald
nm1327064,Evelin Hagoel
nm13278693,Nasdie Kelesau
nm1328076,Miyuki Sawashiro
nm13281810,Aarav Desai
nm1335091,Kalabhavan Navas
nm13353186,Chandramogli Madem
nm1335581,Nishanth Sagar
nm1335996,Ane Dahl Torp
nm1336790,Aleksandr Yatsenko
nm13403827,Nicole Fernandes
nm13416350,Anahita Singh
nm1344302,Rachel House
nm13480043,Namrata Sumiraj
nm1351206,Wojciech Mecwaldowski
nm13513919,Johnny Mandjem
nm1354359,Paz Bascuñán
nm13585146,Raja Rudrakodi
nm1359508,Jordi Figueras
nm1359601,Miquel Gelabert
nm1361690,Sandra Darnell
nm1364748,Hilla Vidor
nm1367819,Bahram Radan
nm1367995,Sorush Sehhat
nm1368152,Hanieh Tavassoli
nm1368581,Salim Kumar
nm1371339,Al Madrigal
nm1372094,Sardar Sohi
nm13721893,Mia Cannon
nm13721902,Cheryl Clark
nm13721922,Paul Carter
nm13721924,Kirsten Buchanan
nm13721925,Neil Crud
nm13721928,John Banwell
nm1372650,Garth Collins
nm13745348,Nyzing Ah Amin
nm13745349,Tikie Crump
nm13745356,Halston Canty
nm13745363,Jade Collier
nm13745364,Courtney 'Cheech' Cook
nm13745365,Gena De Anguera
nm13764157,Guojun Jiang
nm1379364,Florence Bloch
nm1381069,Sona Nair
nm13825251,Benny John
nm1384413,Saswata Chatterjee
nm1384939,Waldo Facco
nm13859587,Audrey Derrien
nm13859588,Yann Guchereau
nm1387306,Kaushik Sen
nm1388202,Siddique
nm1391248,Kida Khodr Ramadan
nm13916854,Hadi El Hachem
nm13955406,Neethu Chandran
nm1395952,Marika Matsumoto
nm13970801,Andrea Chirinos
nm13970802,Rosa Fortín
nm13970803,Jorge Isaac Castañeda Castro
nm1397299,Shakuntala Barua
nm1398736,Navya Nair
nm1399885,Joseph Lorenz
nm14072566,Shripad Joshi
nm14092374,Dilip Dombe
nm1411125,Selena Gomez
nm1411545,Norihiro Inoue
nm1412926,Francesca Piñón
nm1413459,Siddharth
nm1415137,H.M. Busra
nm1415962,S. Kadarisman
nm1417182,Cut Mini Theo
nm1418952,Bhavana
nm14207081,Cory Leach
nm1428724,Indrans
nm14306495,Andrey Novik
nm14306553,Olga Kolokoltseva
nm14310149,Gulshan Majeed
nm14310150,Shees Sajjad Gul
nm14310151,Bakhtawar Mazhar
nm14314875,Angel Shijoy
nm1431568,Sphadikam George
nm14322265,Raj Srivastav
nm1432578,Shammi Thilakan
nm1432957,Vijay Patkar
nm1434433,Idavela Babu
nm1438370,David Coco
nm14449069,Mariana Correa
nm1446274,Anne Serra
nm1448869,Fernanda Castillo
nm1453527,Eric Wilson
nm1454306,Hamid Djavadan
nm1454500,Floyd Gaugh
nm1455964,Sublime
nm1457030,Anna Redi
nm1458115,Muriel Bénazéraf
nm1458668,Katarzyna Gniewkowska
nm1459609,Nandhu
nm1465001,Mamoru Miyano
nm1466156,Mitesh Soni
nm1466902,Zeenath
nm1471547,Mahnaz Afshar
nm1474596,Anuvab Pal
nm1482303,Mariya Shalayeva
nm1483861,Michiko Abe
nm14840088,Jean Ann Boshoven
nm14858551,Swarupu
nm14945688,Addanki Rohit
nm1496115,Sophia Ali
nm15013083,Leon Nurse-Joseph
nm15013084,Paisley Roemer
nm1502238,Moris Cohen
nm1502351,Henning Valin Jakobsen
nm1505002,Arturas Orlauskas
nm15061394,Rodrigo Riaño
nm1507882,Xiaodong Guo
nm1510131,Alison Martin
nm15112173,Hong Hong
nm1513044,Fasitua Amosa
nm1513121,Astrida Auza
nm1517425,Franz Cantalupo
nm1522315,Baiju Santhosh
nm1524882,K.P.A.C. Sabu
nm15261886,Yasaman Khalkhali
nm15311055,Akash Aryan
nm1537947,Lenka Vomocilova
nm1538053,Ehsan Amani
nm1542818,Benoît Pétré
nm15442597,Jeremy Luciana
nm15465411,Alexandre Missel Knorre
nm1550800,Ambika Mohan
nm15522051,Sinem Bilgi
nm1553376,Rhys ap William
nm1555699,Holland Roden
nm1555994,Pino D'Angiò
nm1556445,Ditte Hansen
nm1559594,Y.G. Mahendran
nm1559782,Ajay Ratnam
nm15601332,Tommy Hindley
nm15601333,Pedro Principe
nm15601334,Thakur Proshad
nm15645588,Derik Lujan
nm1566368,Regina Blandón
nm1568415,Kamal Adib
nm1568421,Farhad Aeish
nm1569756,Bhaswar Chatterjee
nm1570191,Agam Darshi
nm1572044,Joen Højerslev
nm1576284,Amruta Subhash
nm1578697,Ahmet Ariman
nm1578920,Melih Ekener
nm1579619,Ceyhun Yilmaz
nm1586516,Bachan Pachehra
nm1589782,Samrat Chakrabarti
nm1593379,Enrique Arreola
nm1595023,Dani Kind
nm1595493,Shanda Renee
nm1595810,Viktor Dobronravov
nm1596707,Mandela Van Peebles
nm1596785,Vladimir Epifantsev
nm1601315,Maria Arshad
nm16090995,Amrit Dujari
nm16110138,Dharmendra Chadokar
nm16129920,Kun He
nm16129922,Hua Guo
nm16129926,Mo Li
nm16156200,Joey Whittemore
nm16156202,Brian McGowan
nm16210066,Bhavya Bhuvanahalli Chandre Gowda
nm1621551,Kevin Dang
nm16229997,Malaysia Petronilia
nm16230000,Julian Lima Mendes
nm1625874,Yûya Yagira
nm16259818,Pammi Motan
nm16363454,Shin Shimizu
nm16397899,Ofer Greenberg
nm1642639,Ariel Levy
nm1643472,Mahesh
nm1644123,Gianluca Di Gennaro
nm1647994,Natasha Alam
nm16481338,Nick Albert
nm1649704,Sergey Chirkov
nm1649780,Yitian Hai
nm1650197,Faghiheh Soltani
nm1662613,Farideh Sepah Mansour
nm16630254,Mora Kind
nm1665116,Kumar Dighe
nm1668529,Suresh Krishna
nm1669753,Przemyslaw Bluszcz
nm1675134,Jayakrishnan
nm1676221,Andy Samberg
nm1683133,Claire Bronson
nm1683137,Nina Bergman
nm1687568,Vincenzo Ferrera
nm1687610,Grégory Gadebois
nm1689341,Jasmin Bajwa
nm1689679,Teona Dolnikova
nm1690002,Anna Jullienne
nm1693834,Simeon Henderson
nm1695438,Daniel Zillmann
nm1698830,Serge Henry
nm1699058,Murat Prosçiler
nm1699385,Maahra Hill
nm17002146,Kumar Bibek
nm1701024,Nadine Labaki
nm1702742,Deep Ng
nm1703410,Josefin Neldén
nm1705364,Ivan Labanda
nm17086622,Baidya Biswajit
nm1714120,Jelle de Jong
nm1714868,Duvvasi Mohan
nm1724733,Stephanie Gerard
nm1728630,Kulappulli Leela
nm1738264,Takahiro Mizushima
nm1742030,Muhittin Korkmaz
nm17440775,Rahul Paniker
nm1745762,Ana María Rossier
nm1748770,Chitra Shenoy
nm1751183,Jasen Wade
nm17540477,Stephanie Mae Howard
nm1758612,Farhad Aslani
nm17590464,Tok Suppakorn Kitsuwan
nm1759443,Guido Pollemans
nm1759945,Margarita Breitkreiz
nm1760053,Julia Edtmeier
nm1760156,Sallie Harmsen
nm1763493,Travis Hammer
nm1763508,Dag Hellström
nm1764169,Carrie Keagan
nm1767178,Farid Kamil
nm17758761,Neidi dos Santos Livramento
nm1778107,Makarand Anaspure
nm1779571,Carmela Poch
nm17832002,Reggy Vermeulen
nm1784379,Duobujie
nm1784919,Chuan-cheng Tao
nm1789985,Jon Daly
nm1795849,Leandro Hassum
nm1802022,Michael J. Arbouet
nm1803818,George Kayaian
nm1807745,Jonathan Gray
nm1812637,Virginie Efira
nm1817821,Ruminah Sidek
nm1817824,Yailene Sierra
nm1818216,Payman Maadi
nm1821204,Maksim Kostromykin
nm1821497,Steve Prince
nm1824676,Ashok Samarth
nm1824944,Ali Miri
nm1832009,Faik Ahmet Akinci
nm1832154,Teoman Ayik
nm1835787,Robert D. Parham
nm1840556,Ami Koshimizu
nm1846425,Khatereh Asadi
nm1860056,Alvin Knight Sr.
nm1863658,Brandon Ray Olive
nm1870393,Andrea Carballo
nm1877162,Lannick Gautry
nm1879326,Brian 'Da Wildcat' Smith
nm1879584,Nour El-Refai
nm1882258,Edgardo Castro
nm1883210,Nao Tôyama
nm1883509,Yeremis Pérez
nm1890585,Mire Aika
nm1896478,Deepti Gupta
nm1900499,Jianfeng Bao
nm1901252,Jessica Meza
nm1910815,Subhasish Mukherjee
nm1912683,Karthi
nm1913021,Claudio Torres
nm1922254,Zohar Liba
nm1928542,Sonny King
nm1929017,Rolando Inocencio
nm1929945,Isak Férriz
nm1935071,Zamarul Hisham
nm1935086,Tessa Thompson
nm1935978,Tony Eusoff
nm1944279,Kerry Knuppe
nm1944869,Thomas Karallus
nm1945217,Bert Haelvoet
nm1949808,Kaho
nm1952490,Katelyn Pippy
nm1960447,Yûya Matsuura
nm1963406,Navdeep
nm1965098,Steven Dell
nm1970465,Kristofer Hivju
nm1970665,Mutsuo Yoshioka
nm1981584,Montserrat Martí
nm1981893,Riz Ahmed
nm1984126,Guglielmo Favilla
nm1985070,Janelle Marie Rodriguez
nm1991033,Josep Seguí
nm1998273,Milo Taboada
nm2009056,Akie Kotabe
nm2013433,Delno Ebie
nm2014279,Janet Khiew
nm2016172,Sofía Espinosa
nm2018573,Sean Cronin
nm2021640,Jehnny Beth
nm2022559,Dave B. Mitchell
nm2028004,Ry Barrett
nm2050259,Aitor Luna
nm2051971,Carolyn Baker
nm2061101,Tristan Beint
nm2061734,Florian Carove
nm2063290,Anna Foglietta
nm2067953,Ed Westwick
nm2068971,Vineeth Sreenivasan
nm2069669,Gia Mora
nm2072883,Shobha Mohan
nm2078557,Mauricio Isaac
nm2079722,Javier Chocobar
nm2080791,Taies Farzan
nm2082436,Brendan Hunter
nm2083561,Gerdy Zint
nm2086876,Ramunas Simukauskas
nm2098839,Anna Ilczuk
nm2099145,Jan Roerink
nm2104632,Riko Narumi
nm2107622,Nic Sampson
nm2110485,Manish Dayal
nm2115624,Chia-Chia Peng
nm2115821,Mei-Hsiu Lin
nm2116766,Marzieh Boroomand
nm2119196,Segun Arinze
nm2119319,Victoria Teijeiro
nm2122072,Hamid Reza Pegah
nm2131930,Reinout Scholten van Aschat
nm2134806,Leonardo Ortizgris
nm2134972,Sima Tirandaz
nm2139077,Khashayar
nm2143171,Suely Rolnik
nm2144150,David E. Ballard
nm2144343,Karim Akbari Mobarakeh
nm2146858,Majid Salehi
nm2149215,Hang Shi
nm2149437,Karina Razumovskaya
nm2151197,Calley Luman
nm2151352,Soroor Rajai
nm2156120,Mariano González
nm2156908,Jayalath Manoratne
nm2183684,Shira Kedem-Katzenelenbogen
nm2188512,Joey Cooper
nm2199801,Cathy Baron
nm2201406,Amir Jafari
nm2202538,Rambod Javan
nm2204070,Lu Huang
nm2208151,Ghazal Shakeri
nm2208813,Moharram Basim
nm2210055,Nicolas Carpentier
nm2212688,Patrick Criado
nm2212823,Duleeka Marapana
nm2216089,Bojie Hao
nm2217556,Donatas Simukauskas
nm2224828,Bouraouïa Marzouk
nm2227434,Shahram Haghighat Doost
nm2241427,Suraj Venjaramoodu
nm2242337,Jeffrey Bowyer-Chapman
nm2246282,Kengo Kôra
nm2255632,Yadier Fernández
nm2259074,Ramon Pujol
nm2264356,Stefanie Estes
nm2267725,Dora Madison
nm2270626,Angel Bonanni
nm2274542,Heidi Azaro
nm2274783,Sabrina Reiter
nm2276340,Teodor Corban
nm2276699,Thomas Kasp
nm2282891,Rung Runglawan Thonahongsa
nm2285290,William 'Big Sleeps' Stewart
nm2286188,Manu Rishi Chadha
nm2295540,Natalie Morales
nm2300127,Lauren Compton
nm2306701,Javier Botet
nm2308267,Rafi Madadkar
nm2311069,Alex Anton
nm2314202,Thabo Bopape
nm2314596,Maia Mitchell
nm2317521,Susy Laude
nm2324209,Sonja Gerhardt
nm2330321,Dashiell Connery
nm2331110,Giselle Batista
nm2336813,Nico Antonio
nm2337089,Beth Fraser
nm2338224,Wanida Saengsuk
nm2339428,Francis Duru
nm2340475,Raquel Horsford
nm2343617,Mehrdad Sedighian
nm2352564,Will Tuckett
nm2360398,Michael H. Cole
nm2365811,Betty Gilpin
nm2367180,Mikhail Evlanov
nm2383250,Logan Miller
nm2384041,Lazare Lartigau
nm2394568,Swen Temmel
nm2409083,Antonio Zavatteri
nm2410764,Kevin Kingston
nm2412219,Casey E. Lewis
nm2413221,Hakan Meriçliler
nm2430021,Iulia Lumânare
nm2432160,Sebastian Stankiewicz
nm2432523,Rodolfo Espinosa
nm2432662,Sandrine Pinna
nm2432715,Chi Tai
nm2435596,Nobue Iketani
nm2441169,Hanna Ullerstam
nm2453045,Tevfik Yapici
nm2456249,Metin Keçeci
nm2466273,Eve Mauro
nm2469558,Bijukuttan
nm2489222,Mohsen Namjoo
nm2489612,Nader Fallah
nm2489799,Elisa Lasowski
nm2496099,D.J. Morrison
nm2501442,Nana Ghana
nm2505507,Gralen Bryant Banks
nm2509198,Fatimah Yassin
nm2510035,Yoav Levi
nm2514156,Eva Melander
nm2527686,Lisa Carlehed
nm2532405,Tim Emmett
nm2534303,Seidi Haarla
nm2538783,Jamieson Lee
nm2543937,Alejandra Szpecht
nm2544899,Shabnam Moghadami
nm2545346,Hadi Kazemi
nm2545567,Nematollah Aghasi
nm2545672,Wichai Prommajan
nm2552266,Mindaugas Papinigis
nm2552380,Saulius Bagaliunas
nm2554070,Luke Brandon Field
nm2555462,Eiza González
nm2556155,Christoph Letkowski
nm2556437,Daniel Jordan
nm2558112,Ferdi Stofmeel
nm2558275,Ophélia Kolb
nm2566876,Javier Calvo
nm2574673,Afef Ben Mahmoud
nm2576262,Joy Villa
nm2582521,Justin Butcher
nm2585097,Anvay Bendre
nm2586196,Ivana Lotito
nm2588815,Devika Daftardar
nm2595872,Saisin Wongkhamlao
nm2597881,Soham Chakraborty
nm2599580,Adrienne Hartvigsen
nm2603023,Dev Das
nm2616372,Leslie L. Miller
nm2619970,Ivan Schetko
nm2623337,Suteara Vaughn
nm2623569,Suat Usta
nm2623983,Helmi Dridi
nm2628935,Kerry Bishé
nm2637981,Kuat Tleubaev
nm2644115,Nadia Charbel
nm2648766,Vitaliy Versace
nm2649680,Anoop Chandran
nm2662142,Iretiola Doyle
nm2665929,Taiga Nakano
nm2666409,RJ Mitte
nm2667589,Shona Kay
nm2668139,Yasmani Guerrero
nm2669366,Shadaan Felfeli
nm2671390,Alamgir
nm2672255,Diána Magdolna Kiss
nm2678603,Mark Hoffman
nm2678898,Paul Wood
nm2684912,Daniel Jillings
nm2688311,Maria Alejandra Restrepo
nm2689653,Sebastian Mejia
nm2695609,Ceyhun Fersoy
nm2698555,Marco Arruda
nm2734727,Alberto Basaluzzo
nm2745463,Joey Bicicchi
nm2745686,Flor Salanga
nm2745924,Rafael Sieg
nm2749475,Richard de Lisle
nm2754475,Rudranil Ghosh
nm2755346,Ali Zahedi
nm2756056,Sreelekha Mitra
nm2759746,Saleh Bakri
nm2760502,Zabihollah Zabihpoor
nm2764022,Géza Röhrig
nm2766068,Jamie Lynn Concepcion
nm2766676,Yousef Yazdani
nm2767828,Saroj Khanal
nm2769372,Setareh Pesyani
nm2770525,Kenshô Ono
nm2770629,Christina Evans
nm2775500,Reza Hajian
nm2778042,Cacau Protásio
nm2783690,Adison dos Reis
nm2789715,Marco Albrecht
nm2791178,Giriraj Kaushalya
nm2791668,Manoochehr Purahmad
nm2794335,Sadhu Kokila
nm2794834,Zhaleh Karimi
nm2796399,Matt Whittaker
nm2799390,Rubi Rubi
nm2806111,Kumara Thirimadura
nm2808502,Ana De Leon
nm2811823,Sierra McCormick
nm2812913,Mokhtaruddin
nm2826150,Rin Asuka
nm2826332,Airi Matsuyama
nm2826608,Alan Maxson
nm2828838,Mia Lerdam
nm2832695,Deborah Ann Woll
nm2833047,Azgad De Los Santos Crisostomo
nm2837894,Robbie Daymond
nm2840457,Deanna Rashell
nm2843100,Crista Alfaiate
nm2843482,Chris Sharma
nm2847812,Pio Marmaï
nm2850234,Summera Howell
nm2852180,Chien-Ping Chen
nm2861153,Rahul Thakkar
nm2861211,Leonardo Alonso
nm2865089,Benjamin Mathis
nm2865854,Manuela Parodi
nm2866919,Adi Putra
nm2868791,Jonathan Martin
nm2870590,Jolyon Coy
nm2871516,Sergiu Costache
nm2879092,Remy Ishak
nm2887021,Ying Chen
nm2916966,David Ajala
nm2916986,Biassini Segura
nm2931774,Yuki Shibamoto
nm2932485,Shahrad Banki
nm2933317,Dimas Aditya
nm2933542,Boyd Holbrook
nm2944369,Mayu Takahashi
nm2946712,Kristyan Ferrer
nm2952127,Takayuki Suzuki
nm2958550,Tadashi Sakata
nm2959847,Andrés Castañeda
nm2961609,Sharad Bhutadiya
nm2964950,Christina Burdette
nm2965271,Arthur Darvill
nm2973107,Sébastien Mossiere
nm2977699,Sam Woodward
nm2983290,Tsu-wu Hsieh
nm2983438,Katarzyna Warnke
nm2983464,Chetan Dalvi
nm2983614,Viktor Klem
nm2988542,Ian Lloyd Anderson
nm2992664,René Dawn-Claude
nm2995294,Quatis Tarkington
nm2999289,Ence Bagus
nm3002625,Raghavendra Kadkol
nm3005812,Johnny Kou
nm3011132,Kai Inowaki
nm3013862,Master Hirannayya
nm3017011,Mei-Fung Chang
nm3017331,Satomi Satô
nm3018114,Carole Brana
nm3035081,Amruta Khanvilkar
nm3043910,Sean Jones
nm3048050,Sara Canning
nm3052894,Tone Bell
nm3055239,Paloma Morales
nm3056676,Neil Alles
nm3056725,Paran Banerjee
nm3060479,Nnamdi Asomugha
nm3065601,Marlon Braaf
nm3071848,Kiki Sugino
nm3073947,Cinta Laura Kiehl
nm3074393,Marcos Contreras
nm3080119,Lorenzo Richelmy
nm3082102,Cecilia Rainero
nm3084436,Asier Oruesagasti
nm3085941,Yun-Ching Chen
nm3091751,Mikhail Kalinichev
nm3102174,Jean Kuo
nm3104312,Sophie Caron
nm3112166,Marcel Bergmann
nm3113292,Yuliya Aleksandrova
nm3118120,Udi Razzin
nm3121357,Art Kearns
nm3123793,Maksim Romanov
nm3129108,Anita Meet
nm3129993,Chris Walters
nm3130259,Kyotaro Gan
nm3132725,Amir Aghaee
nm3138747,Yuanyuan Cheng
nm3140538,Mikkel Boe Følsgaard
nm3141448,Payam Madjlessi
nm3143249,Konstantin Glushkov
nm3154969,Chantel Flanders
nm3157157,David Labrava
nm3159930,Shivaji Guruvayoor
nm3169069,Aditya Roy Kapoor
nm3175230,Kalabhavan Shajohn
nm3175946,Emilio Janhunen Calderón
nm3176450,Dominique Provost-Chalkley
nm3179851,Heather Hopkins
nm3180325,David Fernandez Jr.
nm3192510,Sharib Hashmi
nm3198758,Jared Shipley
nm3201821,Kendall Wells
nm3204925,Dominic Oley
nm3207134,Yayu A.W. Unru
nm3213191,Angelique Pretorius
nm3213784,Mehran Ahmadi
nm3222513,Tooba Siddiqui
nm3226240,Blanche Gardin
nm3226390,Alex Teix
nm3227380,Sebastian Walch
nm3227479,Bellatrix Serra
nm3231341,Connie Norman
nm3234734,Chema Coloma
nm3238544,Randy Memoli
nm3240558,Pedro Meza
nm3241346,Anne-Sophie Girard
nm3241362,Song Jin
nm3257879,Chaiti Ghosal
nm3260126,Kung-Wei Lu
nm3260880,Igor Balalaev
nm3272130,Ashwini Ekbote
nm3272216,Noa Biron
nm3277832,Xiaofeng Ma
nm3283352,Darrett Sanders
nm3284939,Simón Rivera
nm3285497,Penelope Gil
nm3285753,Carlin James
nm3286302,Xu Seng
nm3288201,James Fouhey
nm3294569,Ponvannan
nm3297585,Matthew Bridges
nm3303074,Mason Cook
nm3314099,Aura Kasih
nm3314114,Pep Ambròs
nm3314957,Peyton Hillis
nm3327607,April Aliermo
nm3333413,Motlatsi Mafatshe
nm3339236,Alano Miller
nm3351988,Rudy Russo
nm3358475,Biichi Satoh
nm3359104,Win Morisaki
nm3360529,Hiran Chatterjee
nm3362584,Leonie ter Braak
nm3369416,Yati Pesek
nm3370295,Shenyang Xiao
nm3370435,Marwoto
nm3371389,Si-Yi Wang
nm3372956,Mihir Das
nm3385467,Jackson Berlin
nm3392688,Biswanath Basu
nm3397660,Sudheer Karamana
nm3403776,Ushasie Chakraborty
nm3403823,Samy Abdel Fattah
nm3404517,Garnet Campbell
nm3404556,Shalu Menon
nm3406338,Dinkar Inamdar
nm3414188,Adivi Sesh
nm3434373,Aaron Dalla Villa
nm3434660,Greg Johnson
nm3442605,Buddhaditya Mohanty
nm3443995,Behnoosh Tabatabaei
nm3444063,Hamid Ebrahimi
nm3444240,Anna Sabaté
nm3444244,Priyanka Nair
nm3446411,Franziska Grinzinger
nm3446914,Julien Lacroix
nm3450012,Brendan Hartmann
nm3459865,Patrick Doughtie
nm3460923,Tom Cherry
nm3464409,Xianxin Zhou
nm3467378,Mariano Lopez Seoane
nm3473596,Gary Turner
nm3474793,Carol Portes
nm3478396,Luke Bracey
nm3480406,Dinesh Panicker
nm3481919,Kima Mammadova
nm3485972,Nicholas Logan
nm3500582,Teyonah Parris
nm3503716,Majeed
nm3511805,Qianyuan Wang
nm3513195,Kôsei Katô
nm3515728,Aleksandr Markelov
nm3517457,Mikhail Bespalov
nm3520919,Anita Kalathara
nm3522923,Christina Beller
nm3529321,Mieneke Bakker
nm3533508,Aparajita Adhya
nm3534300,Babushan Mohanty
nm3536989,Daniele La Leggia
nm3552604,Eduard Witzke
nm3576094,Jill Weller
nm3580847,Dieter Weichbrodt
nm3582612,Julie Ann Earls
nm3588309,Aurelia Burckhardt
nm3588483,Michelle Wai
nm3589171,Dale Miller
nm3591507,Roshan Ranawana
nm3596492,Anita Petry
nm3597589,Ryôhei Ohtani
nm3600447,Sarah Schoofs
nm3611859,Kenan Heppe
nm3617629,Baiju V.K.
nm3620703,Inan Ulas Torun
nm3627424,Takahiro Miura
nm3628358,Ryô Iwase
nm3636189,Dmitriy Bedarev
nm3639136,Miki Esparbé
nm3641754,Sandip Pathak
nm3642592,Pravin Tarde
nm3643886,Katy Dore
nm3645214,Cristina Marino
nm3646747,Arsha Aghdasi
nm3646923,Roxane Duran
nm3666749,Taylour Paige
nm3668216,Nargis Fakhri
nm3672782,Vanesa Silva
nm3691738,Stéfi Celma
nm3699960,Adam Demos
nm3702255,Roberto Cavazos
nm3708145,Jessica Clark
nm3710453,Xiang-Ling Hou
nm3714815,Adam Ginsberg
nm3726250,Nikolay Kuchits
nm3731565,Robert González
nm3733434,Jemima Kirke
nm3734708,Dagmar Bernhard
nm3752137,Ankur Bhatia
nm3755435,Senthil Krishna
nm3766704,Amaia Aberasturi
nm3768164,Siobhan Williams
nm3786184,Mitzi Ruhlmann
nm3792384,Karamjit Anmol
nm3793902,Justin Crose
nm3794219,Laurie Cummings
nm3800050,Alondra Lara
nm3811090,Sunil Sharma
nm3813115,Aja Naomi King
nm3815196,Anitha Chowdary
nm3819591,Masato Obara
nm3826683,Cody Porter
nm3838233,Enzo Pineda
nm3841030,Yaakov Zada-Daniel
nm3843863,Ahmed Sidhique
nm3844346,Wamiqa Gabbi
nm3845280,Rajiv Thakur
nm3846801,Nandini Jog
nm3851353,Ali Rahman
nm3854533,Fabio Tassone
nm3856284,Àlex Monner
nm3861157,Roland Kagan Sommer
nm3861581,Haruka Fukuhara
nm3870544,Mana Ashida
nm3870888,Sohail Sameer
nm3877635,Tetsuya Chiba
nm3883678,Juan Barberini
nm3884869,Dali Siliwangi
nm3885092,Denise Groesman
nm3885547,Steve Kasan
nm3887345,Laura Paredes
nm3889956,Hassan Zarei
nm3899117,Nyokabi Gethaiga
nm3907732,Danny James
nm3909445,Devaraj
nm3912825,Qriqori Tonuns
nm3915784,John Boyega
nm3945747,Yukito Nishii
nm3948952,Vanessa Kirby
nm3951906,Sathish
nm3954060,Sharifah Hasnor
nm3958650,Winwyn Marquez
nm3964972,Ryûki Kitaoka
nm3975594,Nasim Adabi
nm3988830,Nora Danish
nm3991786,Raúl del Álamo
nm3996801,Darya Nosik
nm3999729,Rafiq Tagiyev
nm4003072,Xiaosu Ling
nm4013410,Neelima Rani
nm4027243,Masaki Suda
nm4028151,Aju Varghese
nm4028885,Nivin Pauly
nm4029706,Mandy Takhar
nm4057094,Heather Brittain
nm4057451,Nicola Perot
nm4061711,Eugénie Anselin
nm4065455,Ryô Ryûsei
nm4079236,Victoria del Rosal
nm4080199,A.J. Ditty
nm4081338,Mika Akizuki
nm4081945,Reiko Mutô
nm4083737,Tobias Santelmann
nm4098354,Ridas Zirgulis
nm4098543,Domingo Lemus
nm4103520,Yannick Zenhäusern
nm4107371,Yurika Kubo
nm4108455,Maricor Canlas
nm4114552,Tugba Melis Türk
nm4131336,Rachel Alig
nm4154502,Shashi Tharan
nm4159008,Afshin Hashemi
nm4159861,Shirin Yazdanbakhsh
nm4163061,Caty Baccega
nm4166709,Camille Rutherford
nm4173047,Nayab Hussain
nm4173978,Roberto Flores
nm4175887,Emily Goss
nm4178718,Mirette El Hariri
nm4193818,Virginia Tucker
nm4194124,Rose Matafeo
nm4197233,Florentine Schara
nm4203260,Ge Li
nm4209388,Mireia Rey
nm4223773,Javier De Pietro
nm4241408,Mimosa Willamo
nm4243303,Vinayak Jadhav
nm4257332,Pooja Sharma
nm4264236,Bruna Cusí
nm4270963,Manesh Kumar
nm4289680,Atul Todankar
nm4296325,Jobert Austria
nm4300424,Rock Ji
nm4302644,Scott Haining
nm4302851,Randy Schmeling
nm4305463,Naomi Scott
nm4308851,Kang Ren Wu
nm4311134,Igor Oznobikhin
nm4316082,Carwyn Glyn
nm4317498,Gurinder Dimpy
nm4318528,Nivedhitha
nm4321429,Scott Gorbach
nm4328352,Steve Lund
nm4340468,Thanh Ta
nm4345486,Ruxandra Oancea
nm4360072,Andrew Gardner
nm4364633,Allison Thomas Lee
nm4382414,Estefanía Martínez
nm4387862,Takeshi Hayakawa
nm4390501,Seishû Uragami
nm4392084,Maurizio Lombardi
nm4392634,Fumika Shimizu
nm4392718,Andrew Bachelor
nm4404205,Queenierich Rehman
nm4407823,Rebecca Lim
nm4408716,Aiysha Hart
nm4410764,Lotus Wang
nm4423501,Nanako Ôde
nm4425773,Alencier Ley Lopez
nm4427010,Vitali Voskoboinkov
nm4428594,Linda Kiani
nm4429739,Haru Kuroki
nm4431474,Gabriele Malinauskaite
nm4436476,Hao Sun
nm4439231,Asami Seto
nm4452726,Atul Sharma
nm4453291,Franz Rogowski
nm4457335,Yayaying Rhatha Phongam
nm4459626,Sambit Acharya
nm4469021,Xavi Daura
nm4469026,Esteban Navarro
nm4506683,Alicia Dell'Aria
nm4518977,Maaike Bakker
nm4519203,Annabel Barrett
nm4528768,Hal Cumpston
nm4528937,Matthew Crowley
nm4531844,Ella Chen
nm4537959,Roberta Caronia
nm4544635,J. Alphonse Nicholson
nm4544891,Neven Madi
nm4551518,Jessie Cannizzaro
nm4558335,Erik Enge
nm4571370,Arisa Komiya
nm4571699,Karlisha Hurley
nm4583219,Ayaka Ônishi
nm4584689,Sunil Sukhada
nm4587334,Patricia Portocarrero
nm4588209,John J. Jordan
nm4593114,Simon Mead
nm4593224,Alejandro Buitrago
nm4616554,Carlito Olivero
nm4619035,Shuna Iijima
nm4624730,Kirby Howell-Baptiste
nm4626627,Harshvardhan Rane
nm4672619,Nicholas Bakopoulos-Cooke
nm4690048,Soda Voyu
nm4692354,Chip Carriere
nm4696728,Anjana Vasan
nm4698377,Mathivanan Rajendran
nm4699971,Seyhan Arman
nm4702293,Izzue Islam
nm4702330,Ramona Shah
nm4705505,Lyubov Aksyonova
nm4708592,Corey Taylor
nm4710099,Sudev Nair
nm4710376,Iniya
nm4722276,Cindy Hanska
nm4735327,Cyrus Zoghi
nm4745422,Rishi Raj
nm4745984,Lorena Cacciatore
nm4765550,Orelsan
nm4767361,Natalia Rosminati
nm4774809,T.M. Tarsan
nm4775166,Valentin Gagarin
nm4777080,Priscila Lepe
nm4779836,Qiaoqiao Jin
nm4789591,Tamberla Perry
nm4793477,Line Pillet
nm4799657,Jue Aziz
nm4811697,Felipe Brum
nm4818220,Yukiko Shinohara
nm4818642,Kevin Blaser
nm4829836,Michael David Farrow
nm4834207,Shih-Feng Lo
nm4836214,Buffy Visick
nm4837509,Jerico Estregan
nm4844496,Lacy Hart
nm4852679,Bhushan Pradhan
nm4854875,Anne-Gaëlle Jourdain
nm4858550,Sophie Verbeeck
nm4869921,Masaki Naito
nm4871711,Razak Ahmad
nm4873402,Udi Persi
nm4883221,Lewis Reeves
nm4885148,Anton David Jeftha
nm4889489,Jake Manley
nm4914577,Ekaterina Varnava
nm4915334,Cristina Flutur
nm4918457,Shih-Mei Tu
nm4927964,Silvia Santamaría
nm4928007,Chaams
nm4939566,Arifin Shuvoo
nm4940642,Thony
nm4949471,Barun Sobti
nm4955588,Celina Martin
nm4960746,Theódor Sölvi Thomasson
nm4971605,Toms Aunins
nm4972281,Peteris Nebars
nm4983326,Bahareh Kian Afshar
nm4985651,Nick Carrillo
nm4987686,Maaya Uchida
nm5000213,Binlong Pan
nm5006540,David Power
nm5018360,Swasika Vijay
nm5028453,Ali Vafadar
nm5034016,Lino Musella
nm5037723,Michael L Garcia Jr.
nm5043985,Keegan Chambers
nm5044092,Geoff Almond
nm5047005,Amir Jadidi
nm5048087,Klas Wiljergård
nm5058727,Apa Bhavilai
nm5063079,Yuly Mireles
nm5065332,John J. Encinio
nm5068576,Pif
nm5079209,Ron Johnson
nm5085187,Andreas Berg
nm5085208,Kaushik Chakraborty
nm5092846,Anne Düe
nm5104522,Jenny Hollingworth
nm5108614,Melissa Damas
nm5109537,Sam Bardwell
nm5118453,Ava Paloma
nm5118890,Abhinav Gomatam
nm5120084,Sayan Ghosh
nm5126775,Bharat Mistri
nm5126893,Kumud Pant
nm5137291,Anna Cetti
nm5140520,Amane Okayama
nm5148571,Rachel Marquez
nm5149382,Chaobei Wang
nm5157386,Vejouhn Olson Mariette
nm5157587,Rina Kawaei
nm5159854,Niyas Backer
nm5162803,Marko Dyrlich
nm5166644,Jayalal Rohana
nm5171503,Hussain Manawer
nm5171591,Purnima Maudgil
nm5193389,Peter Tell
nm5194234,Gesata Stella
nm5199382,Florin Opritescu
nm5199640,Pritiraj Satpathy
nm5205139,Matt Bailey
nm5205279,Ririne Sasano
nm5207305,David Pareja
nm5207334,Akihiro Blanco
nm5230093,Greg Berman
nm5236852,Zhila Shahi
nm5241523,Xiaochuan Li
nm5249687,Jermain Hollman
nm5254274,Nelson J. Davis
nm5270569,Damilola Adegbite
nm5272429,Bobby Bulloch
nm5275589,Jeff Adler
nm5281525,Terri Middleton
nm5282266,Mugi Kadowaki
nm5287344,Dani Coleman
nm5290426,Paola Masciadri
nm5296301,Don Brown
nm5299382,Isabél Zuaa
nm5315559,Robert Finster
nm5317440,Lisette Freire Pérez
nm5318271,Cynthy Wu
nm5329854,Hedda Stiernstedt
nm5331326,Hamid Reza Azarang
nm5332384,Jin Suzuki
nm5334078,Saulius Ciucelis
nm5347988,Taylor Russell
nm5354874,Frances Lefebure
nm5360556,Nkanyiso Bhengu
nm5374994,Nandini Rai
nm5377439,Natalia Moon
nm5379183,Édgar Vittorino
nm5391966,Ramon Vilageliu
nm5398702,Rohith Bhanuprakash
nm5409259,Hikaru Kinouchi
nm5414076,Irene Casagrande
nm5418157,Paul Gustovich
nm5422245,Elsi Sukumaran
nm5422980,Erin R. Ryan
nm5423482,Rajshri Deshpande
nm5429347,Ranodeep Bose
nm5429373,Maria-Laura Quintero
nm5433705,Nair Akhil
nm5435959,Frida Gustavsson
nm5445304,Russell Hackett
nm5445942,Fatih Unru
nm5448167,Artyom Alekseev
nm5454124,Gabriele Greggio
nm5454914,Arjuna Kamalanath
nm5459220,Clemens Berndorff
nm5461162,Chandni Bhagwanani
nm5464699,Leo Ashizawa
nm5465692,Sreenath Bhasi
nm5469513,Phil Painter
nm5479043,Fabio Rabello
nm5481013,Kaito Ishikawa
nm5486523,Andrew Shelton
nm5487541,Ilian Bergala
nm5505169,Laura Golinski
nm5517890,Pablo Greco
nm5527231,Takaya Aoyagi
nm5531691,Aruna Balraj
nm5541953,Malati Sardeshpande
nm5542761,Rahart Adams
nm5545145,Annette Wozniak
nm5553272,Tom Ryan
nm5558344,Patrick Boyer
nm5559566,Owen Bishop
nm5561908,Suchendra Prasad
nm5561970,Camila Mota
nm5570157,Pina Kühr
nm5572451,David Ponce
nm5574165,Elizabeth Kon
nm5577677,Catherine Fisher
nm5578257,Veena Sundar
nm5592806,Kat Fairaway
nm5594794,Semini Iddamalgoda
nm5598225,Chris Dreher
nm5606446,Tom Williamson
nm5608098,Vanessa Benavente
nm5617600,Amrita Mukhopadhyay
nm5617852,Atal Bihari Panda
nm5635254,Harby Sangha
nm5653715,Grace McKissick
nm5664413,Elsa Diandra
nm5667822,Inori Minase
nm5668913,Jessica Castello
nm5672892,Cheryl Frazier
nm5674223,Shadi Mar'i
nm5674479,Jules Sagot
nm5675520,María Elvira Ramírez
nm5675978,Elli Avrram
nm5678623,Bob Daniel
nm5682275,Anju Kurian
nm5684356,Becca Howell
nm5686215,Chetan Sharma
nm5697682,Prakash Dhotre
nm5705131,Daniel Danca
nm5710414,Thomas Cocquerel
nm5711066,Maisha Carter
nm5712019,Hobby Dhaliwal
nm5713187,Natsuki Aikawa
nm5718658,Nina Endô
nm5724877,Andile Gumbi
nm5725456,Ildevert Meda
nm5736198,Sangeetha
nm5736426,Satyajith
nm5738000,Jennifer Silverstein
nm5739369,Francesca Romana Bergamo
nm5751695,Marcela Cernacová
nm5763330,Laguparan
nm5767655,Kineh N'Goajia
nm5769726,Mao Su
nm5774112,Diana Sedano
nm5782889,Hareesh Peradi
nm5796420,Sushma Raj
nm5798585,Rupinder Rupi
nm5803981,Alex Moffat
nm5807497,Paloma Monnappa
nm5807637,Richard Rim
nm5810951,Gabriel Ditelles
nm5816610,Vasiliy Kozlov
nm5840062,Matisse Haddad
nm5842571,Mirella Granucci
nm5852449,Joju George
nm5854664,Adrienne Vergara
nm5862455,Nana Komatsu
nm5866012,Lazare Minoungou
nm5873655,Victor Barchenko
nm5888756,Dhruvaditya Bhagwanani
nm5893186,Gabriella Jordan
nm5900760,Diana Wiswell
nm5907963,Sven Schelker
nm5932580,Sonia Sarkar Dey
nm5934434,Mingshan Li
nm5937180,Jerry Kwarteng
nm5956683,Derya Sen
nm5957931,Duke Davis Roberts
nm5959235,Tejaswi Madivada
nm5977008,Laur Allen
nm5992648,Aryann Bhowmick
nm5996757,Tolga Canbeyli
nm6004699,Tim Borys
nm6004861,Hadi Eftekharzadeh
nm6013566,Fanny Blanchard
nm6016389,Sandra Gutierrez
nm6016644,Frank D'Alessandro
nm6029605,Héctor Aníbal
nm6030469,Ramana
nm6040011,Ricky Holderbee
nm6056340,Oksana Maria
nm6058648,Nasreddine Ben Maati
nm6072674,Rhea Yadav
nm6076321,Amelia Crouch
nm6096005,Devadhar Archit
nm6098361,Deepak Parambol
nm6106368,Munishkanth
nm6107525,Giulia Costa
nm6117552,Milan Walls-Smith
nm6117653,Sundip Ved
nm6120787,Ashalatha
nm6130412,Mincheng Li
nm6132111,Sawsan Saad
nm6137028,Suja Varunee
nm6146135,Dyulustan Semonov
nm6153878,Stefan Boehm
nm6154954,Francisco de Borja De la Bella
nm6158215,Farshid Gavili
nm6160527,Rockline Sudhakar
nm6160575,Bidya Sinha Saha
nm6170452,Samuel Ajibola
nm6196159,Sangeeta Krishnasamy
nm6199186,Aishwarya Arora
nm6202048,Madhunandan
nm6236069,Larisa Faber
nm6237211,Bhojaraj Vamanjuru
nm6239828,Agatha Chelsea
nm6256687,Claudia Stecher
nm6276059,Ignacyo Matynia
nm6283867,Lucinda Jane Tarrant
nm6286859,Verónica Gerez
nm6301747,Alex Tak-Shun Lam
nm6322635,Mikko Penttilä
nm6322830,Emilia Ceballos
nm6356393,Shigeki Maegawa
nm6364046,Hindol Roy
nm6375147,Jenny Jernberg
nm6378385,Pawan Singh
nm6381958,Natasha Halevi
nm6382681,Evgeny Pivovarov
nm6388096,Thijs J. Antonneau
nm6414838,Tanya Lialina
nm6419392,Priyadarshi Pulikonda
nm6427345,Gürbey Ileri
nm6432937,Anna Dart
nm6435705,Brooklyn Robinson
nm6451753,Jose Atuncar
nm6453091,Kathir
nm6470822,Vicente Carlos Luque
nm6489058,Yogi Babu
nm6495544,Madison Nyenhuis
nm6497684,Karina Krysko
nm6503978,Inés Alba
nm6505394,Leighanne Esperanzate
nm6514296,Kelsey McMahon
nm6518744,Shubhagnil Singh
nm6521873,Alex Ramos
nm6522322,Sally Cacic
nm6523480,Yûgo Mikawa
nm6526252,Tom Ashley
nm6531937,Sonny Mikszath
nm6550700,Jorge Lillo
nm6552871,Darya Ursulyak
nm6557542,Eloise Joo
nm6559494,Natalie Lyn Urruchurtu
nm6569624,Himika Akaneya
nm6573684,Destiny Salas
nm6573703,Erik Lujan
nm6575696,Yumna Marwan
nm6588867,Anthony Ramos
nm6605759,Kourtney Shales
nm6607955,Rachael Redolfi
nm6608434,Kate Kilcoyne
nm6612475,Aziz Çapkurt
nm6616149,Imogen Archer
nm6617350,Ryûto Iwata
nm6617576,Bianca Friscelli
nm6633565,Purnendu Bhattacharya
nm6640263,Zurab Miminoshvili
nm6640908,Mustafa Mutlu
nm6645546,Betty Rahmad
nm6648682,Janice Fisher
nm6649930,Shubhro Sankha Das
nm6649988,Harish Uthaman
nm6662430,Boris Dergachev
nm6662487,Atsumi Tanezaki
nm6674968,Sergio Quintana
nm6684661,Anuradha Mukherjee
nm6685535,Brent Baird
nm6686507,Srushti Dange
nm6686622,Jonathan Dekel
nm6688102,Derek Chang
nm6690278,Pietro Juliano
nm6697575,Darshana Rajendran
nm6697627,Jayan Cherthala
nm6699134,Juan Esteban Aponte
nm6702072,Mizuki Itagaki
nm6708288,Aziz Özuysal
nm6712587,Ali Milani
nm6713842,Kate Boomsma
nm6717788,Kristyn Getty
nm6745902,Mohammadreza Alimardani
nm6747531,Dominic Held
nm6755001,Ineta Stasiulyte
nm6755006,Hana Sumilaite
nm6767387,Adib Alkhalidey
nm6779623,Sandra Mae Frank
nm6788819,Anu Sithara
nm6793636,Yuma Uchida
nm6793833,Erin Sweed
nm6795902,Caroline Vedel
nm6796254,Ken'ichi Abe
nm6800672,Lauren Renahan
nm6804167,Ryô Satô
nm6808042,Jeffrey Creightney
nm6808979,Carl Strandberg
nm6811103,Yusuf Eksi
nm6811511,Chris Calabrese
nm6820784,Vytautas Medineckas
nm6826725,Denis Fomin
nm6833236,Haruna Hori
nm6836186,Anna Kazmi
nm6836192,Rim Basma
nm6838228,Dannii Byrne
nm6838247,Merrick Wolstein
nm6851210,Siri Hellerman
nm6856651,Remigijus Endriukaitis
nm6856890,María Costas
nm6864052,Shinsuke Kato
nm6864841,Maurício Manfrini
nm6878691,Shay Menahem
nm6878947,Dallas Valdez
nm6886823,Mera Mayde
nm6899589,Irina Mikhaylova
nm6913129,Nessa Noel
nm6916922,Marimuthu
nm6921373,Nuo Lu
nm6935325,Christine Weber
nm6940026,Beau Bridgland
nm6947814,Balaji Sarma
nm6949066,Chi-Shing Au
nm6950516,Jorge Osorto
nm6954008,Ryo Narita
nm6956770,Claudine Bertin
nm6976610,Alessandro Bianchi
nm6976646,Arjun Ashokan
nm6998719,George Maryan
nm7006860,Matilda De Angelis
nm7014900,Taiki Satô
nm7024958,Jonathan Wiking
nm7057611,Guillermo Blanco
nm7061433,Elina Samantrai
nm7062993,Trayce Malachi
nm7070114,Citra Prima
nm7074701,Dolly Jagdeo
nm7097759,Jessie Li
nm7099101,Yigit Alp Karadayi
nm7100817,Ajith Weerasinghe
nm7119989,Nicolás Espinosa
nm7130871,Suryakanth
nm7139083,Jessica Lark
nm7144237,Mukta Patwardhan
nm7188708,Sayaka Tomaru
nm7208548,Esteban de la Isla
nm7208549,Orlando Pineda
nm7216750,Kabir Duhan Singh
nm7216916,Fernando Hechavarria
nm7222271,Stéphane Fauré
nm7224067,Daniel Watterson
nm7237124,Pavani Gangireddy
nm7243558,Wenguang Xu
nm7243877,Basil Joseph
nm7245181,Shay Denison
nm7255472,Charles Wattara
nm7260732,Dustin Miller
nm7260780,Artyom Melnichuk
nm7276503,Melody Angelique
nm7288238,Emre Çaltili
nm7288448,Tuva Jagell
nm7288451,Alexander Gustavsson
nm7289094,Aram Ghasemy
nm7299365,Flute Chinnapat Kittichaiwarangkul
nm7305760,Amrita Chattopadhyay
nm7308148,Ehsan Karami
nm7309160,Brittany Blanton
nm7318397,Alexandra Leonie Kronberger
nm7319350,Kiah Alexandria Clingman
nm7321179,Yuira Gotô
nm7321254,Avin Manshadi
nm7337576,Prudvi Raj
nm7339978,Pragathy
nm7365126,Aarti Solanki
nm7369952,Ekaterina Albrandt
nm7372568,Amrapali Dubey
nm7376490,Selin Sezgin
nm7380347,Yussia Sanders
nm7407110,Kemuel Crossty
nm7423562,Charlie Clark
nm7426302,Tigran Mekhitarian
nm7430810,Franz Klose
nm7430811,Andreas Lessig
nm7432163,Tony Do
nm7434342,Clare Dunne
nm7435641,Sofia Jannok
nm7441441,Baran Sükrü Babacan
nm7456138,Damien S. Johnson
nm7457633,Yuliya Zelenskaya
nm7467399,Feli Cabrera
nm7477011,Andrei Nova
nm7480411,Amber Wedding
nm7487526,Diego Torres Kuri
nm7491912,Istiyak Khan
nm7492822,Sean Dube
nm7494061,Yilin Huang
nm7494823,Tyler McDanniel
nm7510432,E.S. Koskie
nm7511275,Winnie Du
nm7519255,Owen Goode
nm7519257,Matthew Drury
nm7519259,Shi Drury
nm7519297,Sihle Ndaba
nm7527949,Angela Cole
nm7534999,Wout Verstappen
nm7561226,Binu Adimali
nm7562994,Meera Kazmi
nm7563501,Buddy Clements
nm7573814,Majd Mastoura
nm7581510,Cassie Clare
nm7583177,Jennifer Kahler
nm7583179,Jody Hessel
nm7584343,Kiran Sonia Sawar
nm7600264,Mark Cleary
nm7601695,Lola Ahumada
nm7607384,Thando Thabethe
nm7611274,Sandeep Mahajan
nm7613071,Zhi Wang
nm7614230,Kanako Nishikawa
nm7614842,Mourad Gharsalli
nm7619400,Emanuel Blom
nm7620319,Morgan Gunter
nm7627852,Valentina Curatoli
nm7628787,Filipp Dyachkov
nm7638116,Subeesh Sudhi
nm7639503,Dheena
nm7644217,Rajaram Poudel
nm7645843,Kanna Ravi
nm7655252,Sami Loris
nm7657703,Hedwig Tam
nm7659571,Belma Mamati
nm7662035,Hannah Martin
nm7662448,Dhiren Shakya
nm7665998,Austin Jansma
nm7667168,Theresa Croft
nm7677312,Dennis Scarfeo
nm7681612,Irina Manuylova
nm7730327,Niki Kerro
nm7733262,Derya Dilber
nm7736042,Joe Tandberg
nm7739880,Chimon Wachirawit Ruangwiwat
nm7744878,Rafael Amadeu
nm7747251,Lily Richards
nm7748240,Tommy Rodger
nm7756094,Vinh Anh Ho
nm7756902,Casey Elliott
nm7759916,Michael Shawn Starks
nm7760093,Holly White
nm7760239,Fiona Coughlan
nm7780375,Satrugna Rayapati
nm7785804,Akshara Kishor
nm7796669,Disha Patani
nm7797362,Sayed Babu
nm7813024,Andrea Melendo
nm7819450,Sinem Karel Gürtekin
nm7819823,Rudy Ledbetter
nm7834015,Julz LaBrash
nm7846596,Jesse Gallegos
nm7853326,Neil Comber
nm7854903,Brian Hull
nm7886376,Majid Shahbaz
nm7890595,Morgan LeBlanc
nm7898729,Ananth Nag
nm7917727,Samyuktha Menon
nm7922711,Hossein Pakdel
nm7923536,Nikolaus Sternfeld
nm7927064,Yua Shiraishi
nm7929295,Péter Radics
nm7931755,Maria Chuvilina
nm7938037,Matías Raygada
nm7939035,Mahoor Alvand
nm7942110,GM Tonoy
nm7960887,Sariful Razz
nm7960909,Alina Alekseeva
nm7963573,Amol Kagne
nm7963858,Dieu Nhi
nm7963859,Huynh Lap
nm7968959,Lydia Adair
nm7973570,Kiara Corkett
nm7979856,Somerset Barnard
nm7981127,Deonde Crawford
nm7984132,Erna Brezinová
nm7993373,Akshatha
nm8004027,Caroline Söderström
nm8004222,Giti Ghasemi
nm8020709,Yannick De Martino
nm8020783,Mehdi Bousaidan
nm8021695,Sam Brooks
nm8024299,John Marrs
nm8054476,Lun Ai
nm8062541,Aianza Cruz
nm8079280,Werner Böhnke
nm8080155,Erik Gyarmati
nm8084770,François Nour
nm8094855,Marta Aguilar
nm8101697,Francisco Vitti
nm8104400,Shariff Earp
nm8108071,Alevtina Danilenko
nm8111934,Vinod Kedamangalam
nm8117041,David Cajal
nm8129271,Lochani Bag
nm8131647,Rafael Portugal
nm8136360,Xia Vigor
nm8160621,Fereshteh Hosseini
nm8166767,Manikandan R. Achari
nm8168644,Myles Clohessy
nm8175508,Emma Perez-Trevino
nm8177465,Qi Dong
nm8178171,Andrés Burecovics
nm8179407,Sobhita Dhulipala
nm8186427,Faryal Mehmood
nm8192952,Emilie Kroyer Koppel
nm8193150,Rajeev Sharma
nm8221260,Avantika Mishra
nm8225192,Joy Elizabeth Sterling
nm8236770,Javier Cáberiz
nm8249698,Jamie-Lee Money
nm8254246,Hillary Takacs
nm8255801,David Jon Foster
nm8257146,Kartikeya Gummakonda
nm8259390,Jenna Schaefer
nm8262164,Adem Uçar
nm8266096,Phi Phung
nm8269687,Ray Cruz
nm8269806,Abbas Khan
nm8272064,Pariya Vaziri
nm8277159,Tyler Penn
nm8291959,Spooky Madison
nm8298324,Dennis Victor Andersson
nm8300348,Udari Perera
nm8312370,Inna Egorova
nm8323358,Hitomi Nakatani
nm8325448,Sanya Bansal
nm8328803,La Thanh
nm8342394,Tee Morris
nm8343898,Alyona Savastova
nm8353861,Ashina Kwok
nm8360867,Indya Moore
nm8367803,Matt Esof
nm8370368,Pablo Lafuente
nm8373689,Arisa Sonohara
nm8376185,Sakir Uyar
nm8376220,Farah Titina
nm8383131,Lee Byford
nm8385038,Lam Vinh Hai
nm8395315,Hiroe Igeta
nm8409908,Otis Pavlovic
nm8427431,Angelica Alleruzzo
nm8433745,Maggie Lacy
nm8435544,Lilian Afegbai
nm8455828,Joshua Albano
nm8465573,Alexander Embretsen
nm8466321,Gayatri Gupta
nm8468017,Élodie Arnould
nm8470426,Lidiya Kopina
nm8471994,Dmitriy Belotzerkovskiy
nm8485804,Skip Wijsmuller
nm8490601,Sanaz Zarrinmehr
nm8492975,Devi Borkotoky
nm8498082,Ryuji Mizuki
nm8509500,Ismael Prego
nm8510546,Maria Sobocinska
nm8512286,Mary Joy Apostol
nm8516743,Marcello Rimi
nm8521564,Marco Gallo
nm8526671,Iani Bédard
nm8527073,Sammie Rimando
nm8527263,Ploiyukhon Rojanakatanyoo
nm8543158,Vibha Bhagat
nm8544967,Josefine Lindegaard
nm8554038,Solomon Gordon
nm8558895,Francesco Giammanco
nm8559164,Arman Darvish
nm8576149,Rylee Gabrielle King
nm8584663,Rabindra Jha
nm8587627,Kiroshan Naidoo
nm8590711,Anthony Coppola
nm8590992,Maria Nash
nm8594703,Valery Gadreau
nm8595061,Kenny Guerra
nm8595063,Melanie Miranda
nm8598028,Sasha Merci
nm8619584,Zhila Shahani
nm8624891,Ravi Aneja
nm8647950,Onur Bilgin
nm8648426,Muriel Benavides
nm8653223,Tomathan McGinnis
nm8655719,Hao Do
nm8658151,Billy Grimm
nm8678236,Lala Karmela
nm8680851,Vincent Matile
nm8683370,Viet Huong
nm8685532,Diego Camargo
nm8704001,Xinqi Jiang
nm8705358,Annabella Zetsch
nm8706685,Pawan
nm8716993,Gorman Ruggiero
nm8717305,Thushari Wehella
nm8726520,Yi Yang
nm8730563,Frank Corbiserie
nm8742390,Kelner Macêdo
nm8749103,Silvia Gisca
nm8770610,Alex Bowling
nm8773481,Tsai Thao
nm8775863,Mahdi Zaminpardaz
nm8780720,Manfred Fuchs
nm8784315,Vijay Kumar Dogra
nm8785183,Sophia Devine
nm8789058,Terrence Keene
nm8801226,Lianhua Hu
nm8808602,Erfan Ebrahimi
nm8816949,Sukhdeep Sukh
nm8819372,Nurullah Celebi
nm8821891,Isabelle Grill
nm8844156,Shengyun Jia
nm8849382,Shamroc Dancil
nm8850112,Vishnu Govindhan
nm8854447,Mark Sequeira
nm8877277,Dave McClain
nm8877582,Kira Balinger
nm8890163,Ariane Louis
nm8890455,Sanjeev Dhuri
nm8894367,Sarath Chandrasiri
nm8906536,Ninja
nm8912777,Enxi Deng
nm8923779,Lynden Prosser
nm8944328,Jaime Luna
nm8953991,Tetiana Dar
nm8956050,Trevor Holder
nm8957085,Kelsea Clements
nm8960302,Ryan Q. Tran
nm8967586,Baohe Yang
nm8976853,Gayathri Arun
nm8981542,Zakieh Behbahani
nm8986126,Nadia Kucher
nm8986515,Gar-Ye Lee
nm9007992,Ruby Rose O'Hara
nm9008183,Xiao Yu
nm9015191,J. Maxwell Bash
nm9016782,Nimisha Sajayan
nm9017827,Shobharaj Pavoor
nm9023599,Jasmine Alysha
nm9024096,Salin Man Bania
nm9024097,Harihar Adhikari
nm9037499,Simon Brickner
nm9040593,Dylan Flashner
nm9047363,Gayathree Dias
nm9050497,Pranav Raorane
nm9051285,Angelica Ulip
nm9057632,Anna Manuelli
nm9066576,Kazuki Horike
nm9067451,Dipali Limbachia
nm9069395,Bill Womack
nm9091737,Neil Dunsire
nm9091751,Alan Benbow
nm9097614,Ericka Roe
nm9101253,Juri Fukushima
nm9103009,Batel Moseri
nm9132188,Jass Bajwa
nm9137480,Salma Mahjoubi
nm9150637,Sadaf Asgari
nm9154250,Luis Manuel Álvarez
nm9159017,Rj Vigneshkanth
nm9169920,Rish Shah
nm9171656,Raj Sharma
nm9172224,Linnea Leino
nm9175942,Simone Walker
nm9176778,Nanette Geree Rice
nm9181836,Pranaya Murthy
nm9189677,Marco Dzul
nm9201744,Yaad Grewal
nm9204942,Tanishq Rajan
nm9240671,Helen Kayaian
nm9240672,George Kayaian Sr.
nm9240675,Harold McLaughlin
nm9240677,Michael Webb
nm9246210,Jansien Altamarino
nm9260436,Dipti Dhotre
nm9281244,Romeo Carere
nm9281535,Margot Sánchez Bassols
nm9294970,Divya Uruduga
nm9295372,Twon Cruz
nm9306890,Forough Ghajabagli
nm9317345,Jack Tan
nm9321611,Dian Sidik
nm9336454,Hiroto Kanai
nm9342181,Nabhaan Rizwan
nm9355289,Vishnu Vinay
nm9356624,Paige Steakley
nm9361072,Khalifa Albahri
nm9364657,Viviana Sarrade
nm9377694,Dawid Sciupidro
nm9399969,Christian Magoon
nm9413217,Madani Malwaththa
nm9415964,Agustina Cirulnik
nm9422981,Vladimir Sedelnikov
nm9428255,Marina Occhionero
nm9428891,Racha Ravi
nm9443664,Langston Belton
nm9445072,Wang Peng Kai
nm9450235,Molly McCann
nm9453091,Souphaphone Somvichith
nm9454245,Matenga Ashby
nm9458725,Jim Averill
nm9461280,Muthu Tharanga
nm9472318,Melanie Kiran
nm9484966,Aaron Pina
nm9485425,Ernest Vestito
nm9488941,Irsyadillah
nm9499890,Wasantha Kumarasiri
nm9503156,Vera Flück
nm9503471,Ameesha Kavindi
nm9503481,Dhammika Pushpakumara
nm9504284,Ashima Narwal
nm9525285,Lepei Hu
nm9531193,Marcela Robledo
nm9534093,Ashwin Kumar Lakshmikanthan
nm9534286,He-Hsuan Lin
nm9541144,Carlos Enrique Castro
nm9544527,April M. Grant
nm9567821,Nayana Rambukkanage
nm9568682,Joseph Claude Dubois
nm9571123,Irina Belska
nm9575908,Tomer Machloof
nm9575913,Adam Haloon
nm9588820,Jenson Alappat
nm9588822,Sooraj Kumar
nm9598428,Lee Banton
nm9599314,Al Sarcoli
nm9600356,Haley iO Benedict Heslip
nm9602488,Chelsi Kern
nm9604308,Jeff Shull
nm9604309,Clifford Lowe
nm9604380,Magne Osnes
nm9604602,Jeff Rapkin
nm9606557,Joe Skeen
nm9608152,Jordan Abbe
nm9609083,Katy Lynne Wolfe
nm9609691,Amber Barnes
nm9614287,Itsuki Fujii
nm9614890,Aysan Hadad
nm9615266,Sambaa Siva
nm9639508,Matthieu Brugot
nm9641743,Danielle Joelle Carter
nm9661987,Sonam Topden
nm9678332,Simratt Kaur Randhawa
nm9686121,Pathmaa Gopika
nm9692022,Andrew J. Britt
nm9693270,Yvette Tang
nm9699099,Miguel Francisco
nm9705526,Tameika Buggage
nm9722080,Suvarna Kale
nm9753456,Aakash Shrestha
nm9761391,Devin Richardson
nm9770422,Antonio Bannò
nm9777468,Akbar Islam
nm9787129,Clint Boevers
nm9797923,Yuya Hirata
nm9805545,Ashley Nicole Williams
nm9812639,Zoë Cunningham
nm9816415,Rana Mitra
nm9824316,Shiva Makinian
nm9840989,Finlay Wojtak-Hissong
nm9855918,Clara Davies
nm9859585,Vilhelm Blomgren
nm9869438,Anjali Gauld
nm9874641,The Sacred Riana
nm9902166,Albert Gregory Go
nm9922590,Abhishek Maharshi
nm9925907,Nikole Rossitter
nm9927182,Enab Khizra
nm9927246,Samantha Alexa
nm9939044,Janwhi Basnet
nm9943158,Darlene Demorizi
nm9946489,Ayushi Tiwari
nm9955536,Sebastian Norén
nm9958734,Creighton Thomas
nm9981119,Aleksey Popov
nm9987121,Mark O'Dea
nm9991000,Divyansha Kaushik
